<?xml version="1.0" encoding="UTF-8"?>
<osm version="0.6" generator="openstreetmap-cgimap 2.1.0 (18248 spike-07.openstreetmap.org)" copyright="OpenStreetMap and contributors" attribution="http://www.openstreetmap.org/copyright" license="http://opendatacommons.org/licenses/odbl/1-0/">
 <bounds minlat="37.5904400" minlon="126.6173890" maxlat="37.5959820" maxlon="126.6274520"/>
 <node id="436815687" visible="true" version="10" changeset="55474603" timestamp="2018-01-15T20:24:09Z" user="FUKUTAN" uid="5207199" lat="37.5927178" lon="126.6192013"/>
 <node id="436942616" visible="true" version="7" changeset="57613194" timestamp="2018-03-28T20:36:49Z" user="pyram" uid="497849" lat="37.5931037" lon="126.6193357"/>
 <node id="436942617" visible="true" version="6" changeset="172352436" timestamp="2025-09-23T16:11:41Z" user="aaei924" uid="10626814" lat="37.5937875" lon="126.6199747"/>
 <node id="436942618" visible="true" version="7" changeset="172352436" timestamp="2025-09-23T16:11:41Z" user="aaei924" uid="10626814" lat="37.5942561" lon="126.6202868"/>
 <node id="436942619" visible="true" version="6" changeset="172352436" timestamp="2025-09-23T16:11:41Z" user="aaei924" uid="10626814" lat="37.5943642" lon="126.6205146"/>
 <node id="436942620" visible="true" version="9" changeset="172352436" timestamp="2025-09-23T16:11:41Z" user="aaei924" uid="10626814" lat="37.5940887" lon="126.6222078"/>
 <node id="436942621" visible="true" version="6" changeset="172352436" timestamp="2025-09-23T16:11:41Z" user="aaei924" uid="10626814" lat="37.5942921" lon="126.6239717"/>
 <node id="2351268158" visible="true" version="2" changeset="55467692" timestamp="2018-01-15T16:24:25Z" user="FUKUTAN" uid="5207199" lat="37.5874600" lon="126.6383872"/>
 <node id="2351268178" visible="true" version="2" changeset="55467692" timestamp="2018-01-15T16:24:25Z" user="FUKUTAN" uid="5207199" lat="37.5877046" lon="126.6416782"/>
 <node id="2351268183" visible="true" version="1" changeset="16604797" timestamp="2013-06-18T14:59:29Z" user="IRTC1015" uid="223224" lat="37.5881355" lon="126.6438141"/>
 <node id="2351268246" visible="true" version="1" changeset="16604797" timestamp="2013-06-18T14:59:30Z" user="IRTC1015" uid="223224" lat="37.5883208" lon="126.6445780"/>
 <node id="2351268261" visible="true" version="2" changeset="55467692" timestamp="2018-01-15T16:24:25Z" user="FUKUTAN" uid="5207199" lat="37.5878255" lon="126.6334807"/>
 <node id="2351268282" visible="true" version="2" changeset="55467692" timestamp="2018-01-15T16:24:25Z" user="FUKUTAN" uid="5207199" lat="37.5876180" lon="126.6349765"/>
 <node id="2351268290" visible="true" version="2" changeset="55467692" timestamp="2018-01-15T16:24:25Z" user="FUKUTAN" uid="5207199" lat="37.5901804" lon="126.6210650"/>
 <node id="2351268296" visible="true" version="9" changeset="144984923" timestamp="2023-12-11T04:56:55Z" user="hyun_jun" uid="18312519" lat="37.5925665" lon="126.6159375"/>
 <node id="2351268304" visible="true" version="1" changeset="16604797" timestamp="2013-06-18T14:59:31Z" user="IRTC1015" uid="223224" lat="37.5897962" lon="126.6227947"/>
 <node id="2351268311" visible="true" version="4" changeset="55467692" timestamp="2018-01-15T16:24:25Z" user="FUKUTAN" uid="5207199" lat="37.5910037" lon="126.6186388"/>
 <node id="3955483390" visible="true" version="3" changeset="150568058" timestamp="2024-04-27T07:52:47Z" user="Wolframite74" uid="20102979" lat="37.5893777" lon="126.6479845">
  <tag k="junction" v="yes"/>
  <tag k="name" v="검단2교차로"/>
  <tag k="name:ko" v="검단2교차로"/>
 </node>
 <node id="3955483402" visible="true" version="5" changeset="162048817" timestamp="2025-02-02T14:29:59Z" user="Wolframite74" uid="20102979" lat="37.5946513" lon="126.6288494"/>
 <node id="3955483405" visible="true" version="2" changeset="162013937" timestamp="2025-02-01T14:55:59Z" user="Wolframite74" uid="20102979" lat="37.5948660" lon="126.6124791"/>
 <node id="3955483406" visible="true" version="5" changeset="162048817" timestamp="2025-02-02T14:29:59Z" user="Wolframite74" uid="20102979" lat="37.5951819" lon="126.6257190">
  <tag k="bus" v="yes"/>
  <tag k="name" v="금란마트"/>
  <tag k="public_transport" v="stop_position"/>
  <tag k="ref" v="89056"/>
 </node>
 <node id="3955483412" visible="true" version="2" changeset="162048817" timestamp="2025-02-02T14:29:59Z" user="Wolframite74" uid="20102979" lat="37.5955975" lon="126.6233343">
  <tag k="bus" v="yes"/>
  <tag k="name" v="금란마트"/>
  <tag k="public_transport" v="stop_position"/>
  <tag k="ref" v="89061"/>
 </node>
 <node id="3955483415" visible="true" version="1" changeset="36684032" timestamp="2016-01-19T17:05:01Z" user="georhoko" uid="1708958" lat="37.5959115" lon="126.6214045"/>
 <node id="3955483417" visible="true" version="3" changeset="46671712" timestamp="2017-03-08T06:49:39Z" user="pnorman redaction revert" uid="760215" lat="37.5961417" lon="126.6202215"/>
 <node id="3955483418" visible="true" version="3" changeset="46671712" timestamp="2017-03-08T06:49:39Z" user="pnorman redaction revert" uid="760215" lat="37.5963062" lon="126.6198583"/>
 <node id="3955483432" visible="true" version="4" changeset="162048817" timestamp="2025-02-02T14:29:59Z" user="Wolframite74" uid="20102979" lat="37.5984380" lon="126.6163882"/>
 <node id="4329629738" visible="true" version="2" changeset="55467692" timestamp="2018-01-15T16:24:25Z" user="FUKUTAN" uid="5207199" lat="37.5875792" lon="126.6353926"/>
 <node id="4340427551" visible="true" version="13" changeset="120086590" timestamp="2022-04-23T11:21:12Z" user="user_5239402" uid="5239402" lat="37.5950772" lon="126.6275257">
  <tag k="light_rail" v="yes"/>
  <tag k="name" v="검단오류"/>
  <tag k="name:en" v="Geomdan Oryu"/>
  <tag k="name:ko" v="검단오류"/>
  <tag k="public_transport" v="stop_position"/>
  <tag k="railway" v="stop"/>
  <tag k="ref" v="I201"/>
 </node>
 <node id="4770469399" visible="true" version="4" changeset="47650350" timestamp="2017-04-11T09:08:40Z" user="woodpeck_repair" uid="145231" lat="37.5907236" lon="126.6230046"/>
 <node id="4770470524" visible="true" version="4" changeset="54266165" timestamp="2017-12-02T11:00:55Z" user="Gtree" uid="5196368" lat="37.5930609" lon="126.6226354"/>
 <node id="4770479722" visible="true" version="5" changeset="172352436" timestamp="2025-09-23T16:11:41Z" user="aaei924" uid="10626814" lat="37.5907297" lon="126.6228682"/>
 <node id="4770479723" visible="true" version="6" changeset="172352436" timestamp="2025-09-23T16:11:41Z" user="aaei924" uid="10626814" lat="37.5923874" lon="126.6226482"/>
 <node id="4770479724" visible="true" version="4" changeset="54265693" timestamp="2017-12-02T10:35:26Z" user="Gtree" uid="5196368" lat="37.5949376" lon="126.6219067"/>
 <node id="4770479725" visible="true" version="4" changeset="54265693" timestamp="2017-12-02T10:35:26Z" user="Gtree" uid="5196368" lat="37.5955222" lon="126.6216546"/>
 <node id="4863207327" visible="true" version="3" changeset="48826708" timestamp="2017-05-19T16:57:56Z" user="ogoki" uid="6010889" lat="37.5977985" lon="126.6081201"/>
 <node id="4863234024" visible="true" version="2" changeset="48826708" timestamp="2017-05-19T16:57:56Z" user="ogoki" uid="6010889" lat="37.5969682" lon="126.6147789"/>
 <node id="4863234028" visible="true" version="2" changeset="48826708" timestamp="2017-05-19T16:57:56Z" user="ogoki" uid="6010889" lat="37.5976947" lon="126.6155796"/>
 <node id="4863238847" visible="true" version="2" changeset="48826708" timestamp="2017-05-19T16:57:56Z" user="ogoki" uid="6010889" lat="37.5944774" lon="126.6172631"/>
 <node id="4863238848" visible="true" version="3" changeset="55467692" timestamp="2018-01-15T16:24:24Z" user="FUKUTAN" uid="5207199" lat="37.5926199" lon="126.6171492"/>
 <node id="4863238849" visible="true" version="2" changeset="48826708" timestamp="2017-05-19T16:57:56Z" user="ogoki" uid="6010889" lat="37.5965430" lon="126.6194997"/>
 <node id="4863238852" visible="true" version="2" changeset="48826708" timestamp="2017-05-19T16:57:56Z" user="ogoki" uid="6010889" lat="37.5949478" lon="126.6178409"/>
 <node id="4863238853" visible="true" version="2" changeset="48826708" timestamp="2017-05-19T16:57:56Z" user="ogoki" uid="6010889" lat="37.5977562" lon="126.6174447"/>
 <node id="4863238854" visible="true" version="2" changeset="48826708" timestamp="2017-05-19T16:57:56Z" user="ogoki" uid="6010889" lat="37.5962934" lon="126.6157875"/>
 <node id="4863238855" visible="true" version="3" changeset="48826708" timestamp="2017-05-19T16:57:56Z" user="ogoki" uid="6010889" lat="37.5971681" lon="126.6183964"/>
 <node id="4863238856" visible="true" version="2" changeset="48826708" timestamp="2017-05-19T16:57:56Z" user="ogoki" uid="6010889" lat="37.5956748" lon="126.6167399"/>
 <node id="4863243265" visible="true" version="3" changeset="48826708" timestamp="2017-05-19T16:57:56Z" user="ogoki" uid="6010889" lat="37.5952605" lon="126.6173487"/>
 <node id="4863350390" visible="true" version="3" changeset="55474603" timestamp="2018-01-15T20:24:09Z" user="FUKUTAN" uid="5207199" lat="37.5971769" lon="126.6090796"/>
 <node id="4864582644" visible="true" version="2" changeset="172352436" timestamp="2025-09-23T16:11:41Z" user="aaei924" uid="10626814" lat="37.5941104" lon="126.6218278"/>
 <node id="4864582645" visible="true" version="2" changeset="172352436" timestamp="2025-09-23T16:11:41Z" user="aaei924" uid="10626814" lat="37.5939968" lon="126.6228446"/>
 <node id="4864582646" visible="true" version="3" changeset="172352436" timestamp="2025-09-23T16:11:41Z" user="aaei924" uid="10626814" lat="37.5939876" lon="126.6225314"/>
 <node id="4864582648" visible="true" version="3" changeset="172352436" timestamp="2025-09-23T16:11:41Z" user="aaei924" uid="10626814" lat="37.5940624" lon="126.6223822"/>
 <node id="4864582649" visible="true" version="3" changeset="172352436" timestamp="2025-09-23T16:11:41Z" user="aaei924" uid="10626814" lat="37.5942717" lon="126.6213030"/>
 <node id="4869152965" visible="true" version="4" changeset="172352436" timestamp="2025-09-23T16:11:41Z" user="aaei924" uid="10626814" lat="37.5945098" lon="126.6246651"/>
 <node id="4869152966" visible="true" version="4" changeset="172352436" timestamp="2025-09-23T16:11:41Z" user="aaei924" uid="10626814" lat="37.5953343" lon="126.6248914">
  <tag k="highway" v="traffic_signals"/>
  <tag k="name" v="검단반월사거리"/>
  <tag k="name:ko" v="검단반월사거리"/>
  <tag k="traffic_signals" v="signal"/>
 </node>
 <node id="4869152970" visible="true" version="1" changeset="48877593" timestamp="2017-05-22T06:37:04Z" user="ogoki" uid="6010889" lat="37.5976249" lon="126.6176572"/>
 <node id="5259668409" visible="true" version="2" changeset="172352436" timestamp="2025-09-23T16:11:41Z" user="aaei924" uid="10626814" lat="37.5940565" lon="126.6220344"/>
 <node id="5259668410" visible="true" version="3" changeset="172352436" timestamp="2025-09-23T16:11:41Z" user="aaei924" uid="10626814" lat="37.5956690" lon="126.6217652"/>
 <node id="5259668411" visible="true" version="2" changeset="172352436" timestamp="2025-09-23T16:11:41Z" user="aaei924" uid="10626814" lat="37.5950145" lon="126.6220423"/>
 <node id="5259668415" visible="true" version="1" changeset="54265693" timestamp="2017-12-02T10:35:24Z" user="Gtree" uid="5196368" lat="37.5953871" lon="126.6257621"/>
 <node id="5259668416" visible="true" version="1" changeset="54265693" timestamp="2017-12-02T10:35:24Z" user="Gtree" uid="5196368" lat="37.5956092" lon="126.6243984"/>
 <node id="5259668417" visible="true" version="2" changeset="54265857" timestamp="2017-12-02T10:44:06Z" user="Gtree" uid="5196368" lat="37.5959263" lon="126.6230652"/>
 <node id="5259668418" visible="true" version="2" changeset="54265857" timestamp="2017-12-02T10:44:06Z" user="Gtree" uid="5196368" lat="37.5960444" lon="126.6228717"/>
 <node id="5259668419" visible="true" version="2" changeset="54265857" timestamp="2017-12-02T10:44:06Z" user="Gtree" uid="5196368" lat="37.5962900" lon="126.6225937"/>
 <node id="5259668420" visible="true" version="1" changeset="54265693" timestamp="2017-12-02T10:35:24Z" user="Gtree" uid="5196368" lat="37.5965930" lon="126.6223750"/>
 <node id="5259668528" visible="true" version="1" changeset="54265693" timestamp="2017-12-02T10:35:24Z" user="Gtree" uid="5196368" lat="37.5966700" lon="126.6223229"/>
 <node id="5259680721" visible="true" version="1" changeset="54265857" timestamp="2017-12-02T10:44:05Z" user="Gtree" uid="5196368" lat="37.5958368" lon="126.6232463"/>
 <node id="5259680722" visible="true" version="1" changeset="54265857" timestamp="2017-12-02T10:44:05Z" user="Gtree" uid="5196368" lat="37.5957539" lon="126.6235349"/>
 <node id="5259706061" visible="true" version="1" changeset="54266165" timestamp="2017-12-02T11:00:52Z" user="Gtree" uid="5196368" lat="37.5927344" lon="126.6227277"/>
 <node id="5259706062" visible="true" version="1" changeset="54266165" timestamp="2017-12-02T11:00:52Z" user="Gtree" uid="5196368" lat="37.5918317" lon="126.6228771"/>
 <node id="5259706063" visible="true" version="3" changeset="172352436" timestamp="2025-09-23T16:11:41Z" user="aaei924" uid="10626814" lat="37.5930072" lon="126.6225159"/>
 <node id="5259706064" visible="true" version="3" changeset="172352436" timestamp="2025-09-23T16:11:41Z" user="aaei924" uid="10626814" lat="37.5916569" lon="126.6227719"/>
 <node id="5334119839" visible="true" version="3" changeset="120086590" timestamp="2022-04-23T11:21:12Z" user="user_5239402" uid="5239402" lat="37.5951058" lon="126.6273816"/>
 <node id="5341088400" visible="true" version="1" changeset="55467692" timestamp="2018-01-15T16:24:15Z" user="FUKUTAN" uid="5207199" lat="37.5891569" lon="126.6472729"/>
 <node id="5341097133" visible="true" version="2" changeset="162048817" timestamp="2025-02-02T14:29:59Z" user="Wolframite74" uid="20102979" lat="37.5940529" lon="126.6321543"/>
 <node id="5341097185" visible="true" version="1" changeset="55467692" timestamp="2018-01-15T16:24:17Z" user="FUKUTAN" uid="5207199" lat="37.5957896" lon="126.6290376"/>
 <node id="5341097186" visible="true" version="2" changeset="110457950" timestamp="2021-08-30T12:04:56Z" user="sangguk" uid="10896485" lat="37.5958311" lon="126.6286943"/>
 <node id="5341097187" visible="true" version="2" changeset="110457950" timestamp="2021-08-30T12:04:56Z" user="sangguk" uid="10896485" lat="37.5958000" lon="126.6284007"/>
 <node id="5341097188" visible="true" version="1" changeset="55467692" timestamp="2018-01-15T16:24:17Z" user="FUKUTAN" uid="5207199" lat="37.5957727" lon="126.6291265"/>
 <node id="5341097227" visible="true" version="1" changeset="55467692" timestamp="2018-01-15T16:24:18Z" user="FUKUTAN" uid="5207199" lat="37.5981886" lon="126.6255266"/>
 <node id="5341097317" visible="true" version="1" changeset="55467692" timestamp="2018-01-15T16:24:19Z" user="FUKUTAN" uid="5207199" lat="37.5956292" lon="126.6250622"/>
 <node id="5341097318" visible="true" version="1" changeset="55467692" timestamp="2018-01-15T16:24:19Z" user="FUKUTAN" uid="5207199" lat="37.5980996" lon="126.6256867"/>
 <node id="5341097444" visible="true" version="1" changeset="55467692" timestamp="2018-01-15T16:24:20Z" user="FUKUTAN" uid="5207199" lat="37.5885290" lon="126.6294275"/>
 <node id="5341097459" visible="true" version="1" changeset="55467692" timestamp="2018-01-15T16:24:20Z" user="FUKUTAN" uid="5207199" lat="37.5882449" lon="126.6310340"/>
 <node id="5341097464" visible="true" version="1" changeset="55467692" timestamp="2018-01-15T16:24:20Z" user="FUKUTAN" uid="5207199" lat="37.5876907" lon="126.6343493"/>
 <node id="5341097465" visible="true" version="1" changeset="55467692" timestamp="2018-01-15T16:24:20Z" user="FUKUTAN" uid="5207199" lat="37.5874479" lon="126.6394385"/>
 <node id="5341097466" visible="true" version="1" changeset="55467692" timestamp="2018-01-15T16:24:20Z" user="FUKUTAN" uid="5207199" lat="37.5874844" lon="126.6401030"/>
 <node id="5341097467" visible="true" version="1" changeset="55467692" timestamp="2018-01-15T16:24:20Z" user="FUKUTAN" uid="5207199" lat="37.5875707" lon="126.6408651"/>
 <node id="5341097468" visible="true" version="1" changeset="55467692" timestamp="2018-01-15T16:24:20Z" user="FUKUTAN" uid="5207199" lat="37.5900280" lon="126.6216077"/>
 <node id="5341097469" visible="true" version="1" changeset="55467692" timestamp="2018-01-15T16:24:20Z" user="FUKUTAN" uid="5207199" lat="37.5914519" lon="126.6176944"/>
 <node id="5341097485" visible="true" version="1" changeset="55467692" timestamp="2018-01-15T16:24:20Z" user="FUKUTAN" uid="5207199" lat="37.5881814" lon="126.6314048"/>
 <node id="5341488751" visible="true" version="1" changeset="55474603" timestamp="2018-01-15T20:24:05Z" user="FUKUTAN" uid="5207199" lat="37.5889533" lon="126.6272065"/>
 <node id="5341488764" visible="true" version="1" changeset="55474603" timestamp="2018-01-15T20:24:05Z" user="FUKUTAN" uid="5207199" lat="37.5862315" lon="126.6185824"/>
 <node id="5341488765" visible="true" version="1" changeset="55474603" timestamp="2018-01-15T20:24:05Z" user="FUKUTAN" uid="5207199" lat="37.5886067" lon="126.6186060"/>
 <node id="5341488766" visible="true" version="1" changeset="55474603" timestamp="2018-01-15T20:24:05Z" user="FUKUTAN" uid="5207199" lat="37.5887695" lon="126.6186480"/>
 <node id="5341488767" visible="true" version="1" changeset="55474603" timestamp="2018-01-15T20:24:05Z" user="FUKUTAN" uid="5207199" lat="37.5889509" lon="126.6187414"/>
 <node id="5341488768" visible="true" version="1" changeset="55474603" timestamp="2018-01-15T20:24:05Z" user="FUKUTAN" uid="5207199" lat="37.5906470" lon="126.6196901"/>
 <node id="5341488769" visible="true" version="1" changeset="55474603" timestamp="2018-01-15T20:24:05Z" user="FUKUTAN" uid="5207199" lat="37.5911452" lon="126.6199323"/>
 <node id="5341488770" visible="true" version="1" changeset="55474603" timestamp="2018-01-15T20:24:05Z" user="FUKUTAN" uid="5207199" lat="37.5912230" lon="126.6199463"/>
 <node id="5341488771" visible="true" version="1" changeset="55474603" timestamp="2018-01-15T20:24:05Z" user="FUKUTAN" uid="5207199" lat="37.5913858" lon="126.6199416"/>
 <node id="5341488772" visible="true" version="1" changeset="55474603" timestamp="2018-01-15T20:24:05Z" user="FUKUTAN" uid="5207199" lat="37.5915375" lon="126.6198715"/>
 <node id="5341488773" visible="true" version="1" changeset="55474603" timestamp="2018-01-15T20:24:05Z" user="FUKUTAN" uid="5207199" lat="37.5923479" lon="126.6192598"/>
 <node id="5341488774" visible="true" version="1" changeset="55474603" timestamp="2018-01-15T20:24:05Z" user="FUKUTAN" uid="5207199" lat="37.5924626" lon="126.6192131"/>
 <node id="5341488776" visible="true" version="1" changeset="55474603" timestamp="2018-01-15T20:24:05Z" user="FUKUTAN" uid="5207199" lat="37.5878702" lon="126.6185987"/>
 <node id="5341488795" visible="true" version="1" changeset="55474603" timestamp="2018-01-15T20:24:05Z" user="FUKUTAN" uid="5207199" lat="37.5896492" lon="126.6191320"/>
 <node id="5341493223" visible="true" version="1" changeset="55474603" timestamp="2018-01-15T20:24:06Z" user="FUKUTAN" uid="5207199" lat="37.5869966" lon="126.6185860"/>
 <node id="5341493301" visible="true" version="2" changeset="172352436" timestamp="2025-09-23T16:11:41Z" user="aaei924" uid="10626814" lat="37.5907284" lon="126.6226540"/>
 <node id="5341493302" visible="true" version="1" changeset="55474603" timestamp="2018-01-15T20:24:07Z" user="FUKUTAN" uid="5207199" lat="37.5908291" lon="126.6220368"/>
 <node id="5341493303" visible="true" version="1" changeset="55474603" timestamp="2018-01-15T20:24:07Z" user="FUKUTAN" uid="5207199" lat="37.5908291" lon="126.6218687"/>
 <node id="5341493304" visible="true" version="1" changeset="55474603" timestamp="2018-01-15T20:24:07Z" user="FUKUTAN" uid="5207199" lat="37.5908143" lon="126.6215979"/>
 <node id="5341493305" visible="true" version="1" changeset="55474603" timestamp="2018-01-15T20:24:07Z" user="FUKUTAN" uid="5207199" lat="37.5907773" lon="126.6213247"/>
 <node id="5341493306" visible="true" version="1" changeset="55474603" timestamp="2018-01-15T20:24:07Z" user="FUKUTAN" uid="5207199" lat="37.5907791" lon="126.6212079"/>
 <node id="5341493307" visible="true" version="1" changeset="55474603" timestamp="2018-01-15T20:24:07Z" user="FUKUTAN" uid="5207199" lat="37.5908032" lon="126.6210842"/>
 <node id="5341493308" visible="true" version="1" changeset="55474603" timestamp="2018-01-15T20:24:07Z" user="FUKUTAN" uid="5207199" lat="37.5908568" lon="126.6209231"/>
 <node id="5341493309" visible="true" version="1" changeset="55474603" timestamp="2018-01-15T20:24:07Z" user="FUKUTAN" uid="5207199" lat="37.5909475" lon="126.6207689"/>
 <node id="5341493310" visible="true" version="1" changeset="55474603" timestamp="2018-01-15T20:24:07Z" user="FUKUTAN" uid="5207199" lat="37.5910530" lon="126.6206802"/>
 <node id="5341493311" visible="true" version="1" changeset="55474603" timestamp="2018-01-15T20:24:07Z" user="FUKUTAN" uid="5207199" lat="37.5912232" lon="126.6206148"/>
 <node id="5341493312" visible="true" version="1" changeset="55474603" timestamp="2018-01-15T20:24:07Z" user="FUKUTAN" uid="5207199" lat="37.5914693" lon="126.6205098"/>
 <node id="5341493313" visible="true" version="1" changeset="55474603" timestamp="2018-01-15T20:24:07Z" user="FUKUTAN" uid="5207199" lat="37.5916598" lon="126.6203743"/>
 <node id="5341493314" visible="true" version="2" changeset="172352436" timestamp="2025-09-23T16:11:41Z" user="aaei924" uid="10626814" lat="37.5921919" lon="126.6199938"/>
 <node id="5341493315" visible="true" version="2" changeset="172352436" timestamp="2025-09-23T16:11:41Z" user="aaei924" uid="10626814" lat="37.5927384" lon="126.6196273"/>
 <node id="5341493316" visible="true" version="1" changeset="55474603" timestamp="2018-01-15T20:24:07Z" user="FUKUTAN" uid="5207199" lat="37.5912823" lon="126.6199446"/>
 <node id="5512373141" visible="true" version="1" changeset="57613194" timestamp="2018-03-28T20:36:46Z" user="pyram" uid="497849" lat="37.5983371" lon="126.6182899"/>
 <node id="5512373142" visible="true" version="1" changeset="57613194" timestamp="2018-03-28T20:36:46Z" user="pyram" uid="497849" lat="37.5986219" lon="126.6179681"/>
 <node id="5512373143" visible="true" version="1" changeset="57613194" timestamp="2018-03-28T20:36:46Z" user="pyram" uid="497849" lat="37.5993359" lon="126.6187674"/>
 <node id="5512373144" visible="true" version="1" changeset="57613194" timestamp="2018-03-28T20:36:46Z" user="pyram" uid="497849" lat="37.5983499" lon="126.6194862"/>
 <node id="5512373145" visible="true" version="1" changeset="57613194" timestamp="2018-03-28T20:36:46Z" user="pyram" uid="497849" lat="37.5985836" lon="126.6170990"/>
 <node id="5512373146" visible="true" version="1" changeset="57613194" timestamp="2018-03-28T20:36:46Z" user="pyram" uid="497849" lat="37.5980712" lon="126.6180327"/>
 <node id="5512373147" visible="true" version="1" changeset="57613194" timestamp="2018-03-28T20:36:46Z" user="pyram" uid="497849" lat="37.5966793" lon="126.6204939"/>
 <node id="5512373148" visible="true" version="1" changeset="57613194" timestamp="2018-03-28T20:36:46Z" user="pyram" uid="497849" lat="37.5964622" lon="126.6198430"/>
 <node id="5512373157" visible="true" version="2" changeset="172352436" timestamp="2025-09-23T16:11:41Z" user="aaei924" uid="10626814" lat="37.5933656" lon="126.6196758"/>
 <node id="5512373158" visible="true" version="1" changeset="57613194" timestamp="2018-03-28T20:36:46Z" user="pyram" uid="497849" lat="37.5929746" lon="126.6192003"/>
 <node id="5512373159" visible="true" version="1" changeset="57613194" timestamp="2018-03-28T20:36:46Z" user="pyram" uid="497849" lat="37.5929922" lon="126.6189283"/>
 <node id="5512373160" visible="true" version="1" changeset="57613194" timestamp="2018-03-28T20:36:46Z" user="pyram" uid="497849" lat="37.5933365" lon="126.6182765"/>
 <node id="5512373161" visible="true" version="1" changeset="57613194" timestamp="2018-03-28T20:36:46Z" user="pyram" uid="497849" lat="37.5934980" lon="126.6181505"/>
 <node id="5512373162" visible="true" version="1" changeset="57613194" timestamp="2018-03-28T20:36:46Z" user="pyram" uid="497849" lat="37.5939443" lon="126.6181344"/>
 <node id="5512373163" visible="true" version="1" changeset="57613194" timestamp="2018-03-28T20:36:46Z" user="pyram" uid="497849" lat="37.5931027" lon="126.6186306"/>
 <node id="5512373164" visible="true" version="1" changeset="57613194" timestamp="2018-03-28T20:36:47Z" user="pyram" uid="497849" lat="37.5930793" lon="126.6185555"/>
 <node id="5512373165" visible="true" version="1" changeset="57613194" timestamp="2018-03-28T20:36:47Z" user="pyram" uid="497849" lat="37.5930666" lon="126.6181505"/>
 <node id="5512373166" visible="true" version="1" changeset="57613194" timestamp="2018-03-28T20:36:47Z" user="pyram" uid="497849" lat="37.5930645" lon="126.6177320"/>
 <node id="5512373167" visible="true" version="1" changeset="57613194" timestamp="2018-03-28T20:36:47Z" user="pyram" uid="497849" lat="37.5946180" lon="126.6201138"/>
 <node id="5512373168" visible="true" version="1" changeset="57613194" timestamp="2018-03-28T20:36:47Z" user="pyram" uid="497849" lat="37.5945096" lon="126.6199288"/>
 <node id="5512373169" visible="true" version="1" changeset="57613194" timestamp="2018-03-28T20:36:47Z" user="pyram" uid="497849" lat="37.5944098" lon="126.6195908"/>
 <node id="5512373170" visible="true" version="1" changeset="57613194" timestamp="2018-03-28T20:36:47Z" user="pyram" uid="497849" lat="37.5943673" lon="126.6191429"/>
 <node id="5512373171" visible="true" version="1" changeset="57613194" timestamp="2018-03-28T20:36:47Z" user="pyram" uid="497849" lat="37.5942971" lon="126.6187298"/>
 <node id="5512373172" visible="true" version="1" changeset="57613194" timestamp="2018-03-28T20:36:47Z" user="pyram" uid="497849" lat="37.5941207" lon="126.6182283"/>
 <node id="5512373173" visible="true" version="1" changeset="57613194" timestamp="2018-03-28T20:36:47Z" user="pyram" uid="497849" lat="37.5940378" lon="126.6181022"/>
 <node id="5512373174" visible="true" version="1" changeset="57613194" timestamp="2018-03-28T20:36:47Z" user="pyram" uid="497849" lat="37.5939932" lon="126.6177160"/>
 <node id="5512373175" visible="true" version="1" changeset="57613194" timestamp="2018-03-28T20:36:47Z" user="pyram" uid="497849" lat="37.5940697" lon="126.6171554"/>
 <node id="5512373176" visible="true" version="1" changeset="57613194" timestamp="2018-03-28T20:36:47Z" user="pyram" uid="497849" lat="37.5941207" lon="126.6170910"/>
 <node id="5512373177" visible="true" version="1" changeset="57613194" timestamp="2018-03-28T20:36:47Z" user="pyram" uid="497849" lat="37.5936600" lon="126.6170720"/>
 <node id="5512373178" visible="true" version="1" changeset="57613194" timestamp="2018-03-28T20:36:47Z" user="pyram" uid="497849" lat="37.5935639" lon="126.6169354"/>
 <node id="5512373180" visible="true" version="1" changeset="57613194" timestamp="2018-03-28T20:36:47Z" user="pyram" uid="497849" lat="37.5936632" lon="126.6164526"/>
 <node id="5512373181" visible="true" version="1" changeset="57613194" timestamp="2018-03-28T20:36:47Z" user="pyram" uid="497849" lat="37.5939481" lon="126.6159718"/>
 <node id="6239281907" visible="true" version="2" changeset="172352436" timestamp="2025-09-23T16:11:41Z" user="aaei924" uid="10626814" lat="37.5939428" lon="126.6224209"/>
 <node id="6239281908" visible="true" version="2" changeset="172352436" timestamp="2025-09-23T16:11:41Z" user="aaei924" uid="10626814" lat="37.5939634" lon="126.6222454"/>
 <node id="7010416978" visible="true" version="2" changeset="172352436" timestamp="2025-09-23T16:11:41Z" user="aaei924" uid="10626814" lat="37.5905423" lon="126.6232475"/>
 <node id="7010416979" visible="true" version="1" changeset="77552832" timestamp="2019-11-26T05:40:02Z" user="AnSanMap" uid="5185732" lat="37.5894150" lon="126.6247898"/>
 <node id="7010424481" visible="true" version="2" changeset="172352436" timestamp="2025-09-23T16:11:41Z" user="aaei924" uid="10626814" lat="37.5960904" lon="126.6214003"/>
 <node id="7010424482" visible="true" version="2" changeset="172352436" timestamp="2025-09-23T16:11:41Z" user="aaei924" uid="10626814" lat="37.5960651" lon="126.6215921"/>
 <node id="7010424483" visible="true" version="2" changeset="172352436" timestamp="2025-09-23T16:11:41Z" user="aaei924" uid="10626814" lat="37.5956948" lon="126.6215855"/>
 <node id="7010432729" visible="true" version="2" changeset="172352436" timestamp="2025-09-23T16:11:41Z" user="aaei924" uid="10626814" lat="37.5898891" lon="126.6229055"/>
 <node id="7010432730" visible="true" version="2" changeset="172352436" timestamp="2025-09-23T16:11:41Z" user="aaei924" uid="10626814" lat="37.5898623" lon="126.6230552"/>
 <node id="8487763439" visible="true" version="1" changeset="100458110" timestamp="2021-03-05T04:35:51Z" user="ksn77pd" uid="11300744" lat="37.5874541" lon="126.6389027"/>
 <node id="9048049520" visible="true" version="2" changeset="133770413" timestamp="2023-03-17T01:15:57Z" user="hyun_jun" uid="18312519" lat="37.6034201" lon="126.6269123"/>
 <node id="9048049522" visible="true" version="1" changeset="110457950" timestamp="2021-08-30T12:04:56Z" user="sangguk" uid="10896485" lat="37.5954534" lon="126.6248937"/>
 <node id="9048049530" visible="true" version="1" changeset="110457950" timestamp="2021-08-30T12:04:56Z" user="sangguk" uid="10896485" lat="37.5956509" lon="126.6276895"/>
 <node id="9048049531" visible="true" version="1" changeset="110457950" timestamp="2021-08-30T12:04:56Z" user="sangguk" uid="10896485" lat="37.5956628" lon="126.6274406"/>
 <node id="9048049532" visible="true" version="1" changeset="110457950" timestamp="2021-08-30T12:04:56Z" user="sangguk" uid="10896485" lat="37.5957580" lon="126.6270394"/>
 <node id="9048049533" visible="true" version="1" changeset="110457950" timestamp="2021-08-30T12:04:56Z" user="sangguk" uid="10896485" lat="37.5958787" lon="126.6269299"/>
 <node id="9048049534" visible="true" version="1" changeset="110457950" timestamp="2021-08-30T12:04:56Z" user="sangguk" uid="10896485" lat="37.5964550" lon="126.6265737"/>
 <node id="9048049535" visible="true" version="1" changeset="110457950" timestamp="2021-08-30T12:04:56Z" user="sangguk" uid="10896485" lat="37.5965281" lon="126.6264493"/>
 <node id="9048049536" visible="true" version="1" changeset="110457950" timestamp="2021-08-30T12:04:56Z" user="sangguk" uid="10896485" lat="37.5966918" lon="126.6253308"/>
 <node id="9048049537" visible="true" version="1" changeset="110457950" timestamp="2021-08-30T12:04:56Z" user="sangguk" uid="10896485" lat="37.5957683" lon="126.6282497"/>
 <node id="9048049538" visible="true" version="1" changeset="110457950" timestamp="2021-08-30T12:04:56Z" user="sangguk" uid="10896485" lat="37.5954063" lon="126.6285163"/>
 <node id="9048049539" visible="true" version="1" changeset="110457950" timestamp="2021-08-30T12:04:56Z" user="sangguk" uid="10896485" lat="37.5952428" lon="126.6285224"/>
 <node id="9048049540" visible="true" version="1" changeset="110457950" timestamp="2021-08-30T12:04:56Z" user="sangguk" uid="10896485" lat="37.5950337" lon="126.6284435"/>
 <node id="9048049541" visible="true" version="1" changeset="110457950" timestamp="2021-08-30T12:04:56Z" user="sangguk" uid="10896485" lat="37.5955939" lon="126.6254544"/>
 <node id="9048049542" visible="true" version="1" changeset="110457950" timestamp="2021-08-30T12:04:56Z" user="sangguk" uid="10896485" lat="37.5966394" lon="126.6256891"/>
 <node id="9048049556" visible="true" version="1" changeset="110457950" timestamp="2021-08-30T12:04:56Z" user="sangguk" uid="10896485" lat="37.5961996" lon="126.6267316"/>
 <node id="9048049577" visible="true" version="1" changeset="110457950" timestamp="2021-08-30T12:04:56Z" user="sangguk" uid="10896485" lat="37.5965535" lon="126.6262762"/>
 <node id="9687706174" visible="true" version="1" changeset="120086590" timestamp="2022-04-23T11:21:12Z" user="user_5239402" uid="5239402" lat="37.5950549" lon="126.6273760"/>
 <node id="9687706176" visible="true" version="1" changeset="120086590" timestamp="2022-04-23T11:21:12Z" user="user_5239402" uid="5239402" lat="37.5949031" lon="126.6282878">
  <tag k="light_rail" v="yes"/>
  <tag k="name" v="검단오류"/>
  <tag k="name:en" v="Geomdan Oryu"/>
  <tag k="name:ko" v="검단오류"/>
  <tag k="public_transport" v="stop_position"/>
  <tag k="railway" v="stop"/>
  <tag k="ref" v="I201"/>
 </node>
 <node id="9687706177" visible="true" version="1" changeset="120086590" timestamp="2022-04-23T11:21:12Z" user="user_5239402" uid="5239402" lat="37.5951490" lon="126.6267963"/>
 <node id="9687706178" visible="true" version="1" changeset="120086590" timestamp="2022-04-23T11:21:12Z" user="user_5239402" uid="5239402" lat="37.5953980" lon="126.6254193"/>
 <node id="9687706179" visible="true" version="1" changeset="120086590" timestamp="2022-04-23T11:21:12Z" user="user_5239402" uid="5239402" lat="37.5955805" lon="126.6243640"/>
 <node id="9687706180" visible="true" version="1" changeset="120086590" timestamp="2022-04-23T11:21:12Z" user="user_5239402" uid="5239402" lat="37.5957160" lon="126.6235448"/>
 <node id="9687706181" visible="true" version="1" changeset="120086590" timestamp="2022-04-23T11:21:12Z" user="user_5239402" uid="5239402" lat="37.5957848" lon="126.6232616"/>
 <node id="9687706182" visible="true" version="1" changeset="120086590" timestamp="2022-04-23T11:21:12Z" user="user_5239402" uid="5239402" lat="37.5960072" lon="126.6228737"/>
 <node id="9687706183" visible="true" version="1" changeset="120086590" timestamp="2022-04-23T11:21:12Z" user="user_5239402" uid="5239402" lat="37.5961669" lon="126.6226441"/>
 <node id="9687706184" visible="true" version="1" changeset="120086590" timestamp="2022-04-23T11:21:12Z" user="user_5239402" uid="5239402" lat="37.5964560" lon="126.6223634"/>
 <node id="9687706185" visible="true" version="1" changeset="120086590" timestamp="2022-04-23T11:21:12Z" user="user_5239402" uid="5239402" lat="37.5966562" lon="126.6222485"/>
 <node id="10740299417" visible="true" version="1" changeset="133770413" timestamp="2023-03-17T01:15:57Z" user="hyun_jun" uid="18312519" lat="37.6029443" lon="126.6269093"/>
 <node id="10740299419" visible="true" version="1" changeset="133770413" timestamp="2023-03-17T01:15:57Z" user="hyun_jun" uid="18312519" lat="37.6031088" lon="126.6269508"/>
 <node id="11251540988" visible="true" version="2" changeset="172352436" timestamp="2025-09-23T16:11:41Z" user="aaei924" uid="10626814" lat="37.5896571" lon="126.6235110"/>
 <node id="11379635565" visible="true" version="1" changeset="144509032" timestamp="2023-11-27T13:50:55Z" user="Keonsoon Hwang" uid="2424231" lat="37.5928375" lon="126.6186296">
  <tag k="bus" v="yes"/>
  <tag k="highway" v="bus_stop"/>
  <tag k="name" v="영은슈퍼"/>
  <tag k="public_transport" v="platform"/>
  <tag k="ref" v="89052"/>
 </node>
 <node id="11379635566" visible="true" version="1" changeset="144509032" timestamp="2023-11-27T13:50:55Z" user="Keonsoon Hwang" uid="2424231" lat="37.5926064" lon="126.6186589">
  <tag k="bus" v="yes"/>
  <tag k="highway" v="bus_stop"/>
  <tag k="name" v="영은슈퍼"/>
  <tag k="public_transport" v="platform"/>
  <tag k="ref" v="89064"/>
 </node>
 <node id="11379638025" visible="true" version="1" changeset="144509032" timestamp="2023-11-27T13:50:55Z" user="Keonsoon Hwang" uid="2424231" lat="37.5956843" lon="126.6233526">
  <tag k="bus" v="yes"/>
  <tag k="highway" v="bus_stop"/>
  <tag k="name" v="금란마트"/>
  <tag k="public_transport" v="platform"/>
  <tag k="ref" v="89061"/>
 </node>
 <node id="11379638026" visible="true" version="2" changeset="162048817" timestamp="2025-02-02T14:29:59Z" user="Wolframite74" uid="20102979" lat="37.5951035" lon="126.6257040">
  <tag k="bus" v="yes"/>
  <tag k="highway" v="bus_stop"/>
  <tag k="name" v="금란마트"/>
  <tag k="public_transport" v="platform"/>
  <tag k="ref" v="89056"/>
 </node>
 <node id="11379638249" visible="true" version="1" changeset="144509032" timestamp="2023-11-27T13:50:55Z" user="Keonsoon Hwang" uid="2424231" lat="37.5906372" lon="126.6205513">
  <tag k="bus" v="yes"/>
  <tag k="highway" v="bus_stop"/>
  <tag k="name" v="공단사거리"/>
  <tag k="public_transport" v="platform"/>
  <tag k="ref" v="42995"/>
 </node>
 <node id="11411543028" visible="true" version="1" changeset="145022229" timestamp="2023-12-12T05:03:34Z" user="hyun_jun" uid="18312519" lat="37.6017797" lon="126.6265678"/>
 <node id="11411543037" visible="true" version="1" changeset="145022229" timestamp="2023-12-12T05:03:34Z" user="hyun_jun" uid="18312519" lat="37.6026563" lon="126.6255828"/>
 <node id="12551208274" visible="true" version="1" changeset="162048817" timestamp="2025-02-02T14:29:59Z" user="Wolframite74" uid="20102979" lat="37.5967503" lon="126.6191339">
  <tag k="bus" v="yes"/>
  <tag k="name" v="삼영테크"/>
  <tag k="public_transport" v="stop_position"/>
  <tag k="ref" v="89055"/>
 </node>
 <node id="12551208275" visible="true" version="1" changeset="162048817" timestamp="2025-02-02T14:29:59Z" user="Wolframite74" uid="20102979" lat="37.5966847" lon="126.6192495">
  <tag k="bus" v="yes"/>
  <tag k="name" v="삼영테크"/>
  <tag k="public_transport" v="stop_position"/>
  <tag k="ref" v="89062"/>
 </node>
 <node id="12551208276" visible="true" version="1" changeset="162048817" timestamp="2025-02-02T14:29:59Z" user="Wolframite74" uid="20102979" lat="37.5948206" lon="126.6279166">
  <tag k="bus" v="yes"/>
  <tag k="name" v="검단오류역"/>
  <tag k="public_transport" v="stop_position"/>
  <tag k="ref" v="89060"/>
 </node>
 <node id="12551208277" visible="true" version="1" changeset="162048817" timestamp="2025-02-02T14:29:59Z" user="Wolframite74" uid="20102979" lat="37.5947777" lon="126.6281772">
  <tag k="bus" v="yes"/>
  <tag k="name" v="검단오류역"/>
  <tag k="public_transport" v="stop_position"/>
  <tag k="ref" v="89057"/>
 </node>
 <node id="12833768548" visible="true" version="1" changeset="166205274" timestamp="2025-05-13T14:06:58Z" user="vtrtsxlegend" uid="10605564" lat="37.5948735" lon="126.6275948"/>
 <node id="12833768549" visible="true" version="1" changeset="166205274" timestamp="2025-05-13T14:06:58Z" user="vtrtsxlegend" uid="10605564" lat="37.5946705" lon="126.6274567"/>
 <node id="12833768550" visible="true" version="2" changeset="166774200" timestamp="2025-05-26T11:19:19Z" user="TejasSatkar" uid="22889547" lat="37.5944772" lon="126.6272635"/>
 <node id="12833768551" visible="true" version="2" changeset="166774200" timestamp="2025-05-26T11:19:19Z" user="TejasSatkar" uid="22889547" lat="37.5944560" lon="126.6272428"/>
 <node id="12833768552" visible="true" version="2" changeset="166774200" timestamp="2025-05-26T11:19:19Z" user="TejasSatkar" uid="22889547" lat="37.5943992" lon="126.6271654"/>
 <node id="12833768554" visible="true" version="1" changeset="166205274" timestamp="2025-05-13T14:06:58Z" user="vtrtsxlegend" uid="10605564" lat="37.5944021" lon="126.6273979"/>
 <node id="12833768555" visible="true" version="1" changeset="166205274" timestamp="2025-05-13T14:06:58Z" user="vtrtsxlegend" uid="10605564" lat="37.5943918" lon="126.6274418"/>
 <node id="12833768556" visible="true" version="1" changeset="166205274" timestamp="2025-05-13T14:06:58Z" user="vtrtsxlegend" uid="10605564" lat="37.5943841" lon="126.6274840"/>
 <node id="12833768557" visible="true" version="1" changeset="166205274" timestamp="2025-05-13T14:06:58Z" user="vtrtsxlegend" uid="10605564" lat="37.5943893" lon="126.6275263"/>
 <node id="12833768558" visible="true" version="1" changeset="166205274" timestamp="2025-05-13T14:06:58Z" user="vtrtsxlegend" uid="10605564" lat="37.5944099" lon="126.6275767"/>
 <node id="12833768559" visible="true" version="1" changeset="166205274" timestamp="2025-05-13T14:06:58Z" user="vtrtsxlegend" uid="10605564" lat="37.5944601" lon="126.6276320"/>
 <node id="12833768560" visible="true" version="1" changeset="166205274" timestamp="2025-05-13T14:06:58Z" user="vtrtsxlegend" uid="10605564" lat="37.5944859" lon="126.6276353"/>
 <node id="12833768561" visible="true" version="1" changeset="166205274" timestamp="2025-05-13T14:06:58Z" user="vtrtsxlegend" uid="10605564" lat="37.5945155" lon="126.6276239"/>
 <node id="12833768562" visible="true" version="3" changeset="167520143" timestamp="2025-06-12T07:21:05Z" user="Pan_Nug" uid="17280926" lat="37.5945422" lon="126.6275981"/>
 <node id="12833768565" visible="true" version="1" changeset="166205274" timestamp="2025-05-13T14:06:58Z" user="vtrtsxlegend" uid="10605564" lat="37.5945220" lon="126.6275084"/>
 <node id="12833768566" visible="true" version="1" changeset="166205274" timestamp="2025-05-13T14:06:58Z" user="vtrtsxlegend" uid="10605564" lat="37.5944885" lon="126.6274710"/>
 <node id="12833768567" visible="true" version="3" changeset="167520143" timestamp="2025-06-12T07:21:05Z" user="Pan_Nug" uid="17280926" lat="37.5944646" lon="126.6273980"/>
 <node id="12833768568" visible="true" version="1" changeset="166205274" timestamp="2025-05-13T14:06:58Z" user="vtrtsxlegend" uid="10605564" lat="37.5946405" lon="126.6289090"/>
 <node id="12833768582" visible="true" version="1" changeset="166205274" timestamp="2025-05-13T14:06:58Z" user="vtrtsxlegend" uid="10605564" lat="37.5948408" lon="126.6277939"/>
 <node id="12864403274" visible="true" version="1" changeset="166774200" timestamp="2025-05-26T11:19:19Z" user="TejasSatkar" uid="22889547" lat="37.5945212" lon="126.6273073"/>
 <node id="12864403275" visible="true" version="1" changeset="166774200" timestamp="2025-05-26T11:19:19Z" user="TejasSatkar" uid="22889547" lat="37.5943252" lon="126.6270854"/>
 <node id="12864403276" visible="true" version="1" changeset="166774200" timestamp="2025-05-26T11:19:19Z" user="TejasSatkar" uid="22889547" lat="37.5944592" lon="126.6274411"/>
 <node id="12864403277" visible="true" version="2" changeset="167520143" timestamp="2025-06-12T07:21:05Z" user="Pan_Nug" uid="17280926" lat="37.5945433" lon="126.6275394"/>
 <node id="12864403278" visible="true" version="1" changeset="166774200" timestamp="2025-05-26T11:19:19Z" user="TejasSatkar" uid="22889547" lat="37.5942295" lon="126.6271471"/>
 <node id="12864403279" visible="true" version="1" changeset="166774200" timestamp="2025-05-26T11:19:19Z" user="TejasSatkar" uid="22889547" lat="37.5940871" lon="126.6273310"/>
 <node id="12864403280" visible="true" version="2" changeset="167812194" timestamp="2025-06-19T07:37:35Z" user="Tinetto" uid="14728702" lat="37.5940474" lon="126.6274228"/>
 <node id="12866514356" visible="true" version="1" changeset="166822072" timestamp="2025-05-27T11:47:45Z" user="Swarali23" uid="22889545" lat="37.5875743" lon="126.6355151"/>
 <node id="12866514371" visible="true" version="1" changeset="166822072" timestamp="2025-05-27T11:47:45Z" user="Swarali23" uid="22889545" lat="37.5875366" lon="126.6364636"/>
 <node id="12866808484" visible="true" version="1" changeset="166827133" timestamp="2025-05-27T13:24:42Z" user="Shayana K" uid="22889570" lat="37.6043345" lon="126.6257068"/>
 <node id="12866808497" visible="true" version="1" changeset="166827133" timestamp="2025-05-27T13:24:42Z" user="Shayana K" uid="22889570" lat="37.6039236" lon="126.6256099"/>
 <node id="12866808498" visible="true" version="1" changeset="166827133" timestamp="2025-05-27T13:24:42Z" user="Shayana K" uid="22889570" lat="37.6034150" lon="126.6256723"/>
 <node id="12866808499" visible="true" version="1" changeset="166827133" timestamp="2025-05-27T13:24:42Z" user="Shayana K" uid="22889570" lat="37.6030229" lon="126.6257444"/>
 <node id="12866808500" visible="true" version="1" changeset="166827133" timestamp="2025-05-27T13:24:42Z" user="Shayana K" uid="22889570" lat="37.6029793" lon="126.6257395"/>
 <node id="12866808501" visible="true" version="1" changeset="166827133" timestamp="2025-05-27T13:24:42Z" user="Shayana K" uid="22889570" lat="37.6029104" lon="126.6257289"/>
 <node id="12866808502" visible="true" version="1" changeset="166827133" timestamp="2025-05-27T13:24:42Z" user="Shayana K" uid="22889570" lat="37.6028009" lon="126.6257062"/>
 <node id="12866808503" visible="true" version="1" changeset="166827133" timestamp="2025-05-27T13:24:42Z" user="Shayana K" uid="22889570" lat="37.6026939" lon="126.6256558"/>
 <node id="12866808504" visible="true" version="1" changeset="166827133" timestamp="2025-05-27T13:24:42Z" user="Shayana K" uid="22889570" lat="37.6026236" lon="126.6255232"/>
 <node id="12866808505" visible="true" version="1" changeset="166827133" timestamp="2025-05-27T13:24:42Z" user="Shayana K" uid="22889570" lat="37.6025785" lon="126.6254120"/>
 <node id="12866808506" visible="true" version="1" changeset="166827133" timestamp="2025-05-27T13:24:42Z" user="Shayana K" uid="22889570" lat="37.6025037" lon="126.6251870"/>
 <node id="12866808507" visible="true" version="1" changeset="166827133" timestamp="2025-05-27T13:24:42Z" user="Shayana K" uid="22889570" lat="37.6024356" lon="126.6249710"/>
 <node id="12866808508" visible="true" version="1" changeset="166827133" timestamp="2025-05-27T13:24:42Z" user="Shayana K" uid="22889570" lat="37.6023958" lon="126.6248316"/>
 <node id="12866808509" visible="true" version="1" changeset="166827133" timestamp="2025-05-27T13:24:42Z" user="Shayana K" uid="22889570" lat="37.6023296" lon="126.6246483"/>
 <node id="12866808510" visible="true" version="1" changeset="166827133" timestamp="2025-05-27T13:24:42Z" user="Shayana K" uid="22889570" lat="37.6022287" lon="126.6244862"/>
 <node id="12866808511" visible="true" version="1" changeset="166827133" timestamp="2025-05-27T13:24:42Z" user="Shayana K" uid="22889570" lat="37.6021058" lon="126.6243595"/>
 <node id="12866808512" visible="true" version="1" changeset="166827133" timestamp="2025-05-27T13:24:42Z" user="Shayana K" uid="22889570" lat="37.6019212" lon="126.6241404"/>
 <node id="12866808513" visible="true" version="1" changeset="166827133" timestamp="2025-05-27T13:24:42Z" user="Shayana K" uid="22889570" lat="37.6017147" lon="126.6239003"/>
 <node id="12866808514" visible="true" version="1" changeset="166827133" timestamp="2025-05-27T13:24:42Z" user="Shayana K" uid="22889570" lat="37.6015016" lon="126.6236855"/>
 <node id="12866808515" visible="true" version="1" changeset="166827133" timestamp="2025-05-27T13:24:42Z" user="Shayana K" uid="22889570" lat="37.6013921" lon="126.6236089"/>
 <node id="12866808516" visible="true" version="1" changeset="166827133" timestamp="2025-05-27T13:24:42Z" user="Shayana K" uid="22889570" lat="37.6012470" lon="126.6234875"/>
 <node id="12866808517" visible="true" version="1" changeset="166827133" timestamp="2025-05-27T13:24:42Z" user="Shayana K" uid="22889570" lat="37.6010428" lon="126.6233399"/>
 <node id="12866808518" visible="true" version="1" changeset="166827133" timestamp="2025-05-27T13:24:42Z" user="Shayana K" uid="22889570" lat="37.6008238" lon="126.6231568"/>
 <node id="12866808519" visible="true" version="1" changeset="166827133" timestamp="2025-05-27T13:24:42Z" user="Shayana K" uid="22889570" lat="37.6006567" lon="126.6230552"/>
 <node id="12866808520" visible="true" version="1" changeset="166827133" timestamp="2025-05-27T13:24:42Z" user="Shayana K" uid="22889570" lat="37.6005705" lon="126.6229831"/>
 <node id="12866808521" visible="true" version="1" changeset="166827133" timestamp="2025-05-27T13:24:42Z" user="Shayana K" uid="22889570" lat="37.6005028" lon="126.6229168"/>
 <node id="12866808522" visible="true" version="1" changeset="166827133" timestamp="2025-05-27T13:24:42Z" user="Shayana K" uid="22889570" lat="37.6003903" lon="126.6228094"/>
 <node id="12866808523" visible="true" version="1" changeset="166827133" timestamp="2025-05-27T13:24:42Z" user="Shayana K" uid="22889570" lat="37.6002834" lon="126.6227211"/>
 <node id="12866808524" visible="true" version="1" changeset="166827133" timestamp="2025-05-27T13:24:42Z" user="Shayana K" uid="22889570" lat="37.6001742" lon="126.6226408"/>
 <node id="12866808525" visible="true" version="1" changeset="166827133" timestamp="2025-05-27T13:24:42Z" user="Shayana K" uid="22889570" lat="37.6001441" lon="126.6225776"/>
 <node id="12866808526" visible="true" version="1" changeset="166827133" timestamp="2025-05-27T13:24:42Z" user="Shayana K" uid="22889570" lat="37.6001015" lon="126.6223581"/>
 <node id="12866808527" visible="true" version="1" changeset="166827133" timestamp="2025-05-27T13:24:42Z" user="Shayana K" uid="22889570" lat="37.6000513" lon="126.6220751"/>
 <node id="12866808528" visible="true" version="1" changeset="166827133" timestamp="2025-05-27T13:24:42Z" user="Shayana K" uid="22889570" lat="37.6000242" lon="126.6219385"/>
 <node id="12866808529" visible="true" version="1" changeset="166827133" timestamp="2025-05-27T13:24:42Z" user="Shayana K" uid="22889570" lat="37.5999972" lon="126.6218214"/>
 <node id="12866808530" visible="true" version="1" changeset="166827133" timestamp="2025-05-27T13:24:42Z" user="Shayana K" uid="22889570" lat="37.5999379" lon="126.6216263"/>
 <node id="12866808531" visible="true" version="1" changeset="166827133" timestamp="2025-05-27T13:24:42Z" user="Shayana K" uid="22889570" lat="37.5999057" lon="126.6214816"/>
 <node id="12866808532" visible="true" version="1" changeset="166827133" timestamp="2025-05-27T13:24:42Z" user="Shayana K" uid="22889570" lat="37.5998774" lon="126.6212588"/>
 <node id="12866808533" visible="true" version="1" changeset="166827133" timestamp="2025-05-27T13:24:42Z" user="Shayana K" uid="22889570" lat="37.5998310" lon="126.6209140"/>
 <node id="12866808534" visible="true" version="1" changeset="166827133" timestamp="2025-05-27T13:24:42Z" user="Shayana K" uid="22889570" lat="37.5997923" lon="126.6206717"/>
 <node id="12866808535" visible="true" version="1" changeset="166827133" timestamp="2025-05-27T13:24:42Z" user="Shayana K" uid="22889570" lat="37.5997807" lon="126.6204018"/>
 <node id="12866808536" visible="true" version="1" changeset="166827133" timestamp="2025-05-27T13:24:42Z" user="Shayana K" uid="22889570" lat="37.5996776" lon="126.6197903"/>
 <node id="12866808537" visible="true" version="1" changeset="166827133" timestamp="2025-05-27T13:24:42Z" user="Shayana K" uid="22889570" lat="37.5996493" lon="126.6197220"/>
 <node id="12866808538" visible="true" version="1" changeset="166827133" timestamp="2025-05-27T13:24:42Z" user="Shayana K" uid="22889570" lat="37.5996274" lon="126.6197009"/>
 <node id="12866808539" visible="true" version="1" changeset="166827133" timestamp="2025-05-27T13:24:42Z" user="Shayana K" uid="22889570" lat="37.5995565" lon="126.6197058"/>
 <node id="12866808540" visible="true" version="1" changeset="166827133" timestamp="2025-05-27T13:24:42Z" user="Shayana K" uid="22889570" lat="37.5993890" lon="126.6198391"/>
 <node id="12866808541" visible="true" version="1" changeset="166827133" timestamp="2025-05-27T13:24:42Z" user="Shayana K" uid="22889570" lat="37.5990218" lon="126.6201335"/>
 <node id="12866808542" visible="true" version="1" changeset="166827133" timestamp="2025-05-27T13:24:42Z" user="Shayana K" uid="22889570" lat="37.5986495" lon="126.6204229"/>
 <node id="12866808543" visible="true" version="1" changeset="166827133" timestamp="2025-05-27T13:24:42Z" user="Shayana K" uid="22889570" lat="37.5982088" lon="126.6207238"/>
 <node id="12866808544" visible="true" version="1" changeset="166827133" timestamp="2025-05-27T13:24:42Z" user="Shayana K" uid="22889570" lat="37.5977398" lon="126.6210262"/>
 <node id="12866808545" visible="true" version="1" changeset="166827133" timestamp="2025-05-27T13:24:42Z" user="Shayana K" uid="22889570" lat="37.5972335" lon="126.6213320"/>
 <node id="12866808546" visible="true" version="1" changeset="166827133" timestamp="2025-05-27T13:24:42Z" user="Shayana K" uid="22889570" lat="37.5966923" lon="126.6216523"/>
 <node id="12866808547" visible="true" version="1" changeset="166827133" timestamp="2025-05-27T13:24:42Z" user="Shayana K" uid="22889570" lat="37.5960507" lon="126.6219743"/>
 <node id="12866808548" visible="true" version="1" changeset="166827133" timestamp="2025-05-27T13:24:42Z" user="Shayana K" uid="22889570" lat="37.5960326" lon="126.6220068"/>
 <node id="12866808549" visible="true" version="1" changeset="166827133" timestamp="2025-05-27T13:24:42Z" user="Shayana K" uid="22889570" lat="37.5960107" lon="126.6221109"/>
 <node id="12866808550" visible="true" version="2" changeset="172352436" timestamp="2025-09-23T16:11:41Z" user="aaei924" uid="10626814" lat="37.5959115" lon="126.6226761"/>
 <node id="12866808578" visible="true" version="1" changeset="166827133" timestamp="2025-05-27T13:24:42Z" user="Shayana K" uid="22889570" lat="37.5983571" lon="126.6255755"/>
 <node id="12925336301" visible="true" version="1" changeset="167812194" timestamp="2025-06-19T07:37:35Z" user="Tinetto" uid="14728702" lat="37.5940187" lon="126.6274953"/>
 <node id="12925336302" visible="true" version="1" changeset="167812194" timestamp="2025-06-19T07:37:35Z" user="Tinetto" uid="14728702" lat="37.5939635" lon="126.6275302"/>
 <node id="12925336303" visible="true" version="1" changeset="167812194" timestamp="2025-06-19T07:37:35Z" user="Tinetto" uid="14728702" lat="37.5938721" lon="126.6275221"/>
 <node id="12925336304" visible="true" version="1" changeset="167812194" timestamp="2025-06-19T07:37:35Z" user="Tinetto" uid="14728702" lat="37.5937297" lon="126.6274819"/>
 <node id="12925336305" visible="true" version="1" changeset="167812194" timestamp="2025-06-19T07:37:35Z" user="Tinetto" uid="14728702" lat="37.5936170" lon="126.6274792"/>
 <node id="12925336306" visible="true" version="1" changeset="167812194" timestamp="2025-06-19T07:37:35Z" user="Tinetto" uid="14728702" lat="37.5935087" lon="126.6275194"/>
 <node id="12925336307" visible="true" version="1" changeset="167812194" timestamp="2025-06-19T07:37:35Z" user="Tinetto" uid="14728702" lat="37.5933939" lon="126.6275838"/>
 <node id="12925336308" visible="true" version="1" changeset="167812194" timestamp="2025-06-19T07:37:35Z" user="Tinetto" uid="14728702" lat="37.5932791" lon="126.6277018"/>
 <node id="12925336309" visible="true" version="1" changeset="167812194" timestamp="2025-06-19T07:37:35Z" user="Tinetto" uid="14728702" lat="37.5929858" lon="126.6280532"/>
 <node id="12925336310" visible="true" version="1" changeset="167812194" timestamp="2025-06-19T07:37:35Z" user="Tinetto" uid="14728702" lat="37.5942822" lon="126.6270943"/>
 <node id="13011907933" visible="true" version="1" changeset="169161121" timestamp="2025-07-19T16:40:38Z" user="Swarali23" uid="22889545" lat="37.5967922" lon="126.6252035"/>
 <node id="13017305539" visible="true" version="1" changeset="169294793" timestamp="2025-07-22T13:48:13Z" user="ashwini_15" uid="19419485" lat="37.5942130" lon="126.6269318"/>
 <node id="13017305540" visible="true" version="1" changeset="169294793" timestamp="2025-07-22T13:48:13Z" user="ashwini_15" uid="19419485" lat="37.5940429" lon="126.6267896"/>
 <node id="13017305541" visible="true" version="1" changeset="169294793" timestamp="2025-07-22T13:48:13Z" user="ashwini_15" uid="19419485" lat="37.5940174" lon="126.6267547"/>
 <node id="13017305542" visible="true" version="1" changeset="169294793" timestamp="2025-07-22T13:48:13Z" user="ashwini_15" uid="19419485" lat="37.5940111" lon="126.6266796"/>
 <node id="13017305543" visible="true" version="1" changeset="169294793" timestamp="2025-07-22T13:48:13Z" user="ashwini_15" uid="19419485" lat="37.5940068" lon="126.6264973"/>
 <node id="13017305544" visible="true" version="1" changeset="169294793" timestamp="2025-07-22T13:48:13Z" user="ashwini_15" uid="19419485" lat="37.5939260" lon="126.6263149"/>
 <node id="13017305545" visible="true" version="1" changeset="169294793" timestamp="2025-07-22T13:48:13Z" user="ashwini_15" uid="19419485" lat="37.5937858" lon="126.6261030"/>
 <node id="13017305546" visible="true" version="1" changeset="169294793" timestamp="2025-07-22T13:48:13Z" user="ashwini_15" uid="19419485" lat="37.5936986" lon="126.6261754"/>
 <node id="13017305547" visible="true" version="1" changeset="169294793" timestamp="2025-07-22T13:48:13Z" user="ashwini_15" uid="19419485" lat="37.5936349" lon="126.6261834"/>
 <node id="13017305548" visible="true" version="1" changeset="169294793" timestamp="2025-07-22T13:48:13Z" user="ashwini_15" uid="19419485" lat="37.5935669" lon="126.6261593"/>
 <node id="13017305549" visible="true" version="1" changeset="169294793" timestamp="2025-07-22T13:48:13Z" user="ashwini_15" uid="19419485" lat="37.5934755" lon="126.6260440"/>
 <node id="13017305550" visible="true" version="1" changeset="169294793" timestamp="2025-07-22T13:48:13Z" user="ashwini_15" uid="19419485" lat="37.5932715" lon="126.6258348"/>
 <node id="13017305551" visible="true" version="1" changeset="169294793" timestamp="2025-07-22T13:48:13Z" user="ashwini_15" uid="19419485" lat="37.5929102" lon="126.6256416"/>
 <node id="13017305552" visible="true" version="1" changeset="169294793" timestamp="2025-07-22T13:48:13Z" user="ashwini_15" uid="19419485" lat="37.5926658" lon="126.6255317"/>
 <node id="13017305553" visible="true" version="1" changeset="169294793" timestamp="2025-07-22T13:48:13Z" user="ashwini_15" uid="19419485" lat="37.5924830" lon="126.6254136"/>
 <node id="13017305554" visible="true" version="1" changeset="169294793" timestamp="2025-07-22T13:48:13Z" user="ashwini_15" uid="19419485" lat="37.5923108" lon="126.6252152"/>
 <node id="13017305555" visible="true" version="1" changeset="169294793" timestamp="2025-07-22T13:48:13Z" user="ashwini_15" uid="19419485" lat="37.5920473" lon="126.6248262"/>
 <node id="13017305556" visible="true" version="1" changeset="169294793" timestamp="2025-07-22T13:48:13Z" user="ashwini_15" uid="19419485" lat="37.5917519" lon="126.6242791"/>
 <node id="13017305557" visible="true" version="1" changeset="169294793" timestamp="2025-07-22T13:48:13Z" user="ashwini_15" uid="19419485" lat="37.5912205" lon="126.6241611"/>
 <node id="13017305558" visible="true" version="1" changeset="169294793" timestamp="2025-07-22T13:48:13Z" user="ashwini_15" uid="19419485" lat="37.5918241" lon="126.6242415"/>
 <node id="13017305559" visible="true" version="1" changeset="169294793" timestamp="2025-07-22T13:48:13Z" user="ashwini_15" uid="19419485" lat="37.5918858" lon="126.6242281"/>
 <node id="13017305560" visible="true" version="1" changeset="169294793" timestamp="2025-07-22T13:48:13Z" user="ashwini_15" uid="19419485" lat="37.5919814" lon="126.6242388"/>
 <node id="13017305561" visible="true" version="1" changeset="169294793" timestamp="2025-07-22T13:48:13Z" user="ashwini_15" uid="19419485" lat="37.5923108" lon="126.6243113"/>
 <node id="13017305562" visible="true" version="1" changeset="169294793" timestamp="2025-07-22T13:48:13Z" user="ashwini_15" uid="19419485" lat="37.5927104" lon="126.6244507"/>
 <node id="13017305563" visible="true" version="1" changeset="169294793" timestamp="2025-07-22T13:48:13Z" user="ashwini_15" uid="19419485" lat="37.5930504" lon="126.6245580"/>
 <node id="13017305564" visible="true" version="1" changeset="169294793" timestamp="2025-07-22T13:48:13Z" user="ashwini_15" uid="19419485" lat="37.5931461" lon="126.6246278"/>
 <node id="13017305565" visible="true" version="1" changeset="169294793" timestamp="2025-07-22T13:48:13Z" user="ashwini_15" uid="19419485" lat="37.5933416" lon="126.6247645"/>
 <node id="13017305566" visible="true" version="1" changeset="169294793" timestamp="2025-07-22T13:48:13Z" user="ashwini_15" uid="19419485" lat="37.5935137" lon="126.6248370"/>
 <node id="13017305567" visible="true" version="1" changeset="169294793" timestamp="2025-07-22T13:48:13Z" user="ashwini_15" uid="19419485" lat="37.5936051" lon="126.6248531"/>
 <node id="13017305568" visible="true" version="1" changeset="169294793" timestamp="2025-07-22T13:48:13Z" user="ashwini_15" uid="19419485" lat="37.5938495" lon="126.6248343"/>
 <node id="13017305569" visible="true" version="1" changeset="169294793" timestamp="2025-07-22T13:48:13Z" user="ashwini_15" uid="19419485" lat="37.5939579" lon="126.6248423"/>
 <node id="13017305570" visible="true" version="1" changeset="169294793" timestamp="2025-07-22T13:48:13Z" user="ashwini_15" uid="19419485" lat="37.5941577" lon="126.6248852"/>
 <node id="13017305571" visible="true" version="1" changeset="169294793" timestamp="2025-07-22T13:48:13Z" user="ashwini_15" uid="19419485" lat="37.5944850" lon="126.6249657"/>
 <node id="13017305572" visible="true" version="1" changeset="169294793" timestamp="2025-07-22T13:48:13Z" user="ashwini_15" uid="19419485" lat="37.5946720" lon="126.6250033"/>
 <node id="13017305573" visible="true" version="1" changeset="169294793" timestamp="2025-07-22T13:48:13Z" user="ashwini_15" uid="19419485" lat="37.5934289" lon="126.6248013"/>
 <node id="13017305574" visible="true" version="2" changeset="172352436" timestamp="2025-09-23T16:11:41Z" user="aaei924" uid="10626814" lat="37.5935006" lon="126.6244087"/>
 <node id="13017305575" visible="true" version="1" changeset="169294793" timestamp="2025-07-22T13:48:13Z" user="ashwini_15" uid="19419485" lat="37.5940015" lon="126.6258475"/>
 <node id="13017305576" visible="true" version="1" changeset="169294793" timestamp="2025-07-22T13:48:13Z" user="ashwini_15" uid="19419485" lat="37.5940070" lon="126.6257867"/>
 <node id="13017305577" visible="true" version="1" changeset="169294793" timestamp="2025-07-22T13:48:13Z" user="ashwini_15" uid="19419485" lat="37.5939996" lon="126.6257307"/>
 <node id="13017305578" visible="true" version="1" changeset="169294793" timestamp="2025-07-22T13:48:13Z" user="ashwini_15" uid="19419485" lat="37.5940292" lon="126.6256653"/>
 <node id="13017305579" visible="true" version="1" changeset="169294793" timestamp="2025-07-22T13:48:13Z" user="ashwini_15" uid="19419485" lat="37.5940662" lon="126.6256163"/>
 <node id="13017305580" visible="true" version="1" changeset="169294793" timestamp="2025-07-22T13:48:13Z" user="ashwini_15" uid="19419485" lat="37.5940681" lon="126.6255696"/>
 <node id="13017305581" visible="true" version="1" changeset="169294793" timestamp="2025-07-22T13:48:13Z" user="ashwini_15" uid="19419485" lat="37.5939719" lon="126.6253805"/>
 <node id="13017305582" visible="true" version="1" changeset="169294793" timestamp="2025-07-22T13:48:13Z" user="ashwini_15" uid="19419485" lat="37.5939719" lon="126.6253431"/>
 <node id="13017305583" visible="true" version="1" changeset="169294793" timestamp="2025-07-22T13:48:13Z" user="ashwini_15" uid="19419485" lat="37.5940477" lon="126.6252427"/>
 <node id="13017305584" visible="true" version="1" changeset="169294793" timestamp="2025-07-22T13:48:13Z" user="ashwini_15" uid="19419485" lat="37.5940995" lon="126.6252240"/>
 <node id="13017305585" visible="true" version="1" changeset="169294793" timestamp="2025-07-22T13:48:13Z" user="ashwini_15" uid="19419485" lat="37.5941291" lon="126.6252544"/>
 <node id="13017305586" visible="true" version="1" changeset="169294793" timestamp="2025-07-22T13:48:13Z" user="ashwini_15" uid="19419485" lat="37.5942032" lon="126.6254668"/>
 <node id="13017305587" visible="true" version="1" changeset="169294793" timestamp="2025-07-22T13:48:13Z" user="ashwini_15" uid="19419485" lat="37.5943119" lon="126.6249231"/>
 <node id="13017305588" visible="true" version="1" changeset="169294793" timestamp="2025-07-22T13:48:13Z" user="ashwini_15" uid="19419485" lat="37.5943715" lon="126.6251819"/>
 <node id="13017305589" visible="true" version="1" changeset="169294793" timestamp="2025-07-22T13:48:13Z" user="ashwini_15" uid="19419485" lat="37.5944520" lon="126.6255978"/>
 <node id="13017305590" visible="true" version="1" changeset="169294793" timestamp="2025-07-22T13:48:13Z" user="ashwini_15" uid="19419485" lat="37.5896355" lon="126.6247647"/>
 <node id="13017305591" visible="true" version="1" changeset="169294793" timestamp="2025-07-22T13:48:13Z" user="ashwini_15" uid="19419485" lat="37.5897059" lon="126.6247928"/>
 <node id="13017305592" visible="true" version="1" changeset="169294793" timestamp="2025-07-22T13:48:13Z" user="ashwini_15" uid="19419485" lat="37.5897984" lon="126.6249235"/>
 <node id="13017305593" visible="true" version="1" changeset="169294793" timestamp="2025-07-22T13:48:13Z" user="ashwini_15" uid="19419485" lat="37.5899612" lon="126.6253251"/>
 <node id="13017305594" visible="true" version="1" changeset="169294793" timestamp="2025-07-22T13:48:13Z" user="ashwini_15" uid="19419485" lat="37.5900463" lon="126.6254512"/>
 <node id="13017305595" visible="true" version="1" changeset="169294793" timestamp="2025-07-22T13:48:13Z" user="ashwini_15" uid="19419485" lat="37.5904126" lon="126.6256007"/>
 <node id="13017305596" visible="true" version="1" changeset="169294793" timestamp="2025-07-22T13:48:13Z" user="ashwini_15" uid="19419485" lat="37.5909270" lon="126.6258155"/>
 <node id="13017305597" visible="true" version="1" changeset="169294793" timestamp="2025-07-22T13:48:13Z" user="ashwini_15" uid="19419485" lat="37.5912378" lon="126.6259696"/>
 <node id="13017305598" visible="true" version="1" changeset="169294793" timestamp="2025-07-22T13:48:13Z" user="ashwini_15" uid="19419485" lat="37.5913378" lon="126.6260583"/>
 <node id="13017305599" visible="true" version="1" changeset="169294793" timestamp="2025-07-22T13:48:13Z" user="ashwini_15" uid="19419485" lat="37.5914784" lon="126.6262358"/>
 <node id="13017305600" visible="true" version="1" changeset="169294793" timestamp="2025-07-22T13:48:13Z" user="ashwini_15" uid="19419485" lat="37.5917152" lon="126.6267588"/>
 <node id="13017332432" visible="true" version="1" changeset="169294556" timestamp="2025-07-22T13:42:38Z" user="ashwini_15" uid="19419485" lat="37.5881027" lon="126.6318640"/>
 <node id="13017342101" visible="true" version="1" changeset="169294793" timestamp="2025-07-22T13:48:13Z" user="ashwini_15" uid="19419485" lat="37.5919705" lon="126.6273893"/>
 <node id="13017342102" visible="true" version="1" changeset="169294793" timestamp="2025-07-22T13:48:13Z" user="ashwini_15" uid="19419485" lat="37.5925811" lon="126.6286455"/>
 <node id="13045247645" visible="true" version="1" changeset="169894464" timestamp="2025-08-03T09:21:24Z" user="LXQ500" uid="20975211" lat="37.5882985" lon="126.6444859"/>
 <node id="13165552427" visible="true" version="1" changeset="172352436" timestamp="2025-09-23T16:11:41Z" user="aaei924" uid="10626814" lat="37.5945520" lon="126.6243145"/>
 <node id="13165552428" visible="true" version="1" changeset="172352436" timestamp="2025-09-23T16:11:41Z" user="aaei924" uid="10626814" lat="37.5943277" lon="126.6203900"/>
 <node id="13165552429" visible="true" version="1" changeset="172352436" timestamp="2025-09-23T16:11:41Z" user="aaei924" uid="10626814" lat="37.5943589" lon="126.6207464"/>
 <node id="13165552430" visible="true" version="1" changeset="172352436" timestamp="2025-09-23T16:11:41Z" user="aaei924" uid="10626814" lat="37.5931365" lon="126.6193783"/>
 <node id="13165552431" visible="true" version="1" changeset="172352436" timestamp="2025-09-23T16:11:41Z" user="aaei924" uid="10626814" lat="37.5960500" lon="126.6217067"/>
 <node id="13165552432" visible="true" version="1" changeset="172352436" timestamp="2025-09-23T16:11:41Z" user="aaei924" uid="10626814" lat="37.5961052" lon="126.6212883"/>
 <node id="13165552433" visible="true" version="1" changeset="172352436" timestamp="2025-09-23T16:11:41Z" user="aaei924" uid="10626814" lat="37.5957109" lon="126.6214731"/>
 <node id="13165552434" visible="true" version="1" changeset="172352436" timestamp="2025-09-23T16:11:41Z" user="aaei924" uid="10626814" lat="37.5956518" lon="126.6218847"/>
 <node id="13165552435" visible="true" version="1" changeset="172352436" timestamp="2025-09-23T16:11:41Z" user="aaei924" uid="10626814" lat="37.5956708" lon="126.6228841"/>
 <node id="13165552436" visible="true" version="1" changeset="172352436" timestamp="2025-09-23T16:11:41Z" user="aaei924" uid="10626814" lat="37.5957426" lon="126.6224423"/>
 <node id="13165552437" visible="true" version="1" changeset="172352436" timestamp="2025-09-23T16:11:41Z" user="aaei924" uid="10626814" lat="37.5957898" lon="126.6249716"/>
 <node id="13165552438" visible="true" version="1" changeset="172352436" timestamp="2025-09-23T16:11:41Z" user="aaei924" uid="10626814" lat="37.5956172" lon="126.6247641"/>
 <node id="13165552439" visible="true" version="1" changeset="172352436" timestamp="2025-09-23T16:11:41Z" user="aaei924" uid="10626814" lat="37.5955509" lon="126.6246551"/>
 <node id="13165552440" visible="true" version="1" changeset="172352436" timestamp="2025-09-23T16:11:41Z" user="aaei924" uid="10626814" lat="37.5954251" lon="126.6243544"/>
 <node id="13165552441" visible="true" version="1" changeset="172352436" timestamp="2025-09-23T16:11:41Z" user="aaei924" uid="10626814" lat="37.5954179" lon="126.6243972"/>
 <node id="13165552442" visible="true" version="1" changeset="172352436" timestamp="2025-09-23T16:11:41Z" user="aaei924" uid="10626814" lat="37.5952228" lon="126.6246074"/>
 <node id="13165552443" visible="true" version="1" changeset="172352436" timestamp="2025-09-23T16:11:41Z" user="aaei924" uid="10626814" lat="37.5950923" lon="126.6246901"/>
 <node id="13165552444" visible="true" version="1" changeset="172352436" timestamp="2025-09-23T16:11:41Z" user="aaei924" uid="10626814" lat="37.5948763" lon="126.6247647"/>
 <node id="13165552445" visible="true" version="1" changeset="172352436" timestamp="2025-09-23T16:11:41Z" user="aaei924" uid="10626814" lat="37.5949358" lon="126.6247811"/>
 <node id="13165552446" visible="true" version="1" changeset="172352436" timestamp="2025-09-23T16:11:41Z" user="aaei924" uid="10626814" lat="37.5951487" lon="126.6250824"/>
 <node id="13165552447" visible="true" version="1" changeset="172352436" timestamp="2025-09-23T16:11:41Z" user="aaei924" uid="10626814" lat="37.5952391" lon="126.6253882"/>
 <node id="13165552448" visible="true" version="1" changeset="172352436" timestamp="2025-09-23T16:11:41Z" user="aaei924" uid="10626814" lat="37.5945987" lon="126.6244195"/>
 <node id="13165552449" visible="true" version="1" changeset="172352436" timestamp="2025-09-23T16:11:41Z" user="aaei924" uid="10626814" lat="37.5946083" lon="126.6245029"/>
 <node id="13165552450" visible="true" version="1" changeset="172352436" timestamp="2025-09-23T16:11:41Z" user="aaei924" uid="10626814" lat="37.5945705" lon="126.6245981"/>
 <node id="13165552451" visible="true" version="1" changeset="172352436" timestamp="2025-09-23T16:11:41Z" user="aaei924" uid="10626814" lat="37.5947457" lon="126.6245384"/>
 <node id="13165552452" visible="true" version="1" changeset="172352436" timestamp="2025-09-23T16:11:41Z" user="aaei924" uid="10626814" lat="37.5948422" lon="126.6247554"/>
 <node id="13165552453" visible="true" version="1" changeset="172352436" timestamp="2025-09-23T16:11:41Z" user="aaei924" uid="10626814" lat="37.5895861" lon="126.6238862"/>
 <node id="13165552456" visible="true" version="1" changeset="172352436" timestamp="2025-09-23T16:11:41Z" user="aaei924" uid="10626814" lat="37.5900379" lon="126.6236000"/>
 <node id="13165552459" visible="true" version="1" changeset="172352436" timestamp="2025-09-23T16:11:41Z" user="aaei924" uid="10626814" lat="37.5897378" lon="126.6230957"/>
 <node id="13165552460" visible="true" version="1" changeset="172352436" timestamp="2025-09-23T16:11:41Z" user="aaei924" uid="10626814" lat="37.5940483" lon="126.6224756"/>
 <node id="13165552461" visible="true" version="1" changeset="172352436" timestamp="2025-09-23T16:11:41Z" user="aaei924" uid="10626814" lat="37.5941068" lon="126.6220874"/>
 <node id="13165552462" visible="true" version="1" changeset="172352436" timestamp="2025-09-23T16:11:41Z" user="aaei924" uid="10626814" lat="37.5939770" lon="126.6221296"/>
 <node id="13165552463" visible="true" version="1" changeset="172352436" timestamp="2025-09-23T16:11:41Z" user="aaei924" uid="10626814" lat="37.5939319" lon="126.6225137"/>
 <node id="13165552464" visible="true" version="1" changeset="172352436" timestamp="2025-09-23T16:11:41Z" user="aaei924" uid="10626814" lat="37.5940988" lon="126.6218721"/>
 <node id="13165552465" visible="true" version="1" changeset="172352436" timestamp="2025-09-23T16:11:41Z" user="aaei924" uid="10626814" lat="37.5947922" lon="126.6217230"/>
 <node id="13165552466" visible="true" version="1" changeset="172352436" timestamp="2025-09-23T16:11:41Z" user="aaei924" uid="10626814" lat="37.5949756" lon="126.6216469"/>
 <node id="13165552467" visible="true" version="1" changeset="172352436" timestamp="2025-09-23T16:11:41Z" user="aaei924" uid="10626814" lat="37.5950952" lon="126.6215493"/>
 <node id="13165552468" visible="true" version="1" changeset="172352436" timestamp="2025-09-23T16:11:41Z" user="aaei924" uid="10626814" lat="37.5951250" lon="126.6214075"/>
 <node id="13165552469" visible="true" version="1" changeset="172352436" timestamp="2025-09-23T16:11:41Z" user="aaei924" uid="10626814" lat="37.5955450" lon="126.6212577"/>
 <node id="13165552470" visible="true" version="1" changeset="172352436" timestamp="2025-09-23T16:11:41Z" user="aaei924" uid="10626814" lat="37.5924852" lon="126.6222803"/>
 <node id="13165552471" visible="true" version="1" changeset="172352436" timestamp="2025-09-23T16:11:41Z" user="aaei924" uid="10626814" lat="37.5916449" lon="126.6224328"/>
 <node id="13165552472" visible="true" version="1" changeset="172352436" timestamp="2025-09-23T16:11:41Z" user="aaei924" uid="10626814" lat="37.5907701" lon="126.6224966"/>
 <node id="13165552477" visible="true" version="1" changeset="172352436" timestamp="2025-09-23T16:11:41Z" user="aaei924" uid="10626814" lat="37.5935440" lon="126.6240889"/>
 <node id="13165552478" visible="true" version="1" changeset="172352436" timestamp="2025-09-23T16:11:41Z" user="aaei924" uid="10626814" lat="37.5936084" lon="126.6239704"/>
 <node id="13165552479" visible="true" version="1" changeset="172352436" timestamp="2025-09-23T16:11:41Z" user="aaei924" uid="10626814" lat="37.5903953" lon="126.6236835"/>
 <node id="13165552480" visible="true" version="1" changeset="172352436" timestamp="2025-09-23T16:11:41Z" user="aaei924" uid="10626814" lat="37.5904974" lon="126.6233806"/>
 <node id="13165552481" visible="true" version="1" changeset="172352436" timestamp="2025-09-23T16:11:41Z" user="aaei924" uid="10626814" lat="37.5906635" lon="126.6233929"/>
 <node id="13165552482" visible="true" version="1" changeset="172352436" timestamp="2025-09-23T16:11:41Z" user="aaei924" uid="10626814" lat="37.5919598" lon="126.6232425"/>
 <node id="13165552483" visible="true" version="1" changeset="172352436" timestamp="2025-09-23T16:11:41Z" user="aaei924" uid="10626814" lat="37.5919725" lon="126.6234964"/>
 <node id="13165552484" visible="true" version="1" changeset="172352436" timestamp="2025-09-23T16:11:41Z" user="aaei924" uid="10626814" lat="37.5919998" lon="126.6236132"/>
 <node id="13165552485" visible="true" version="1" changeset="172352436" timestamp="2025-09-23T16:11:41Z" user="aaei924" uid="10626814" lat="37.5920627" lon="126.6237166"/>
 <node id="13165552486" visible="true" version="1" changeset="172352436" timestamp="2025-09-23T16:11:41Z" user="aaei924" uid="10626814" lat="37.5921492" lon="126.6238068"/>
 <node id="13165552487" visible="true" version="1" changeset="172352436" timestamp="2025-09-23T16:11:41Z" user="aaei924" uid="10626814" lat="37.5922476" lon="126.6238541"/>
 <node id="13165552488" visible="true" version="1" changeset="172352436" timestamp="2025-09-23T16:11:41Z" user="aaei924" uid="10626814" lat="37.5931102" lon="126.6240461"/>
 <node id="13165552489" visible="true" version="1" changeset="172352436" timestamp="2025-09-23T16:11:41Z" user="aaei924" uid="10626814" lat="37.5931958" lon="126.6240339"/>
 <node id="13165552490" visible="true" version="1" changeset="172352436" timestamp="2025-09-23T16:11:41Z" user="aaei924" uid="10626814" lat="37.5933267" lon="126.6239947"/>
 <node id="13165552491" visible="true" version="1" changeset="172352436" timestamp="2025-09-23T16:11:41Z" user="aaei924" uid="10626814" lat="37.5933858" lon="126.6239947"/>
 <node id="13165552492" visible="true" version="1" changeset="172352436" timestamp="2025-09-23T16:11:41Z" user="aaei924" uid="10626814" lat="37.5935553" lon="126.6240683"/>
 <way id="435027277" visible="true" version="24" changeset="175108890" timestamp="2025-11-25T12:49:38Z" user="LuxuryCoop" uid="7245212">
  <nd ref="4863207327"/>
  <nd ref="4863350390"/>
  <nd ref="3955483405"/>
  <nd ref="2351268296"/>
  <nd ref="5341097469"/>
  <nd ref="2351268311"/>
  <nd ref="5341488768"/>
  <nd ref="2351268290"/>
  <nd ref="5341097468"/>
  <nd ref="2351268304"/>
  <nd ref="13165552459"/>
  <nd ref="11251540988"/>
  <nd ref="13165552453"/>
  <nd ref="7010416979"/>
  <nd ref="5341488751"/>
  <nd ref="5341097444"/>
  <nd ref="5341097459"/>
  <nd ref="5341097485"/>
  <nd ref="13017332432"/>
  <nd ref="2351268261"/>
  <nd ref="5341097464"/>
  <nd ref="2351268282"/>
  <nd ref="4329629738"/>
  <nd ref="12866514356"/>
  <nd ref="12866514371"/>
  <nd ref="2351268158"/>
  <nd ref="8487763439"/>
  <nd ref="5341097465"/>
  <nd ref="5341097466"/>
  <nd ref="5341097467"/>
  <nd ref="2351268178"/>
  <nd ref="2351268183"/>
  <nd ref="13045247645"/>
  <nd ref="2351268246"/>
  <nd ref="5341088400"/>
  <nd ref="3955483390"/>
  <tag k="highway" v="tertiary"/>
  <tag k="lanes" v="10"/>
  <tag k="maxspeed" v="60"/>
  <tag k="name" v="원당대로"/>
  <tag k="name:en" v="Wondang-daero"/>
  <tag k="name:ko" v="원당대로"/>
  <tag k="ref" v="52"/>
  <tag k="wikidata" v="Q109456270"/>
  <tag k="wikipedia" v="ko:원당대로"/>
 </way>
 <way id="435027307" visible="true" version="12" changeset="172352436" timestamp="2025-09-23T16:11:41Z" user="aaei924" uid="10626814">
  <nd ref="436815687"/>
  <nd ref="5512373158"/>
  <nd ref="436942616"/>
  <nd ref="13165552430"/>
  <nd ref="5512373157"/>
  <nd ref="436942617"/>
  <nd ref="436942618"/>
  <nd ref="13165552428"/>
  <nd ref="436942619"/>
  <nd ref="13165552429"/>
  <nd ref="4864582649"/>
  <nd ref="4864582644"/>
  <nd ref="13165552464"/>
  <nd ref="5259668409"/>
  <nd ref="4864582646"/>
  <nd ref="4864582645"/>
  <nd ref="436942621"/>
  <nd ref="13165552427"/>
  <tag k="highway" v="tertiary"/>
  <tag k="name" v="원당대로117번길"/>
  <tag k="name:en" v="Wondang-daero 117beon-gil"/>
  <tag k="name:ko" v="원당대로117번길"/>
 </way>
 <way id="436165296" visible="true" version="14" changeset="177668875" timestamp="2026-01-25T04:59:18Z" user="aaei924" uid="10626814">
  <nd ref="5334119839"/>
  <nd ref="5259668415"/>
  <nd ref="5259668416"/>
  <nd ref="5259680722"/>
  <nd ref="5259680721"/>
  <nd ref="5259668417"/>
  <nd ref="5259668418"/>
  <nd ref="5259668419"/>
  <nd ref="5259668420"/>
  <nd ref="5259668528"/>
  <tag k="bridge" v="yes"/>
  <tag k="electrified" v="rail"/>
  <tag k="frequency" v="0"/>
  <tag k="gauge" v="1435"/>
  <tag k="oneway" v="yes"/>
  <tag k="operator" v="인천교통공사"/>
  <tag k="owner" v="인천광역시"/>
  <tag k="railway" v="light_rail"/>
  <tag k="service" v="yard"/>
  <tag k="start_date" v="2016-06-30"/>
  <tag k="voltage" v="750"/>
 </way>
 <way id="494570491" visible="true" version="3" changeset="75138103" timestamp="2019-10-01T09:17:27Z" user="octel" uid="238290">
  <nd ref="436815687"/>
  <nd ref="4863238848"/>
  <nd ref="2351268296"/>
  <tag k="highway" v="tertiary"/>
  <tag k="name" v="원당대로117번길"/>
  <tag k="name:en" v="Wondang-daero 117beon-gil"/>
  <tag k="name:ko" v="원당대로117번길"/>
 </way>
 <way id="494575701" visible="true" version="4" changeset="107133802" timestamp="2021-06-29T08:47:59Z" user="user_5239402" uid="5239402">
  <nd ref="4863238847"/>
  <nd ref="4863238852"/>
  <nd ref="4863238849"/>
  <tag k="highway" v="service"/>
  <tag k="name" v="검단로114번길"/>
  <tag k="name:en" v="Geomdan-ro 114beon-gil"/>
  <tag k="name:ko" v="검단로114번길"/>
 </way>
 <way id="494575703" visible="true" version="5" changeset="107133802" timestamp="2021-06-29T08:47:59Z" user="user_5239402" uid="5239402">
  <nd ref="4863234024"/>
  <nd ref="4863238854"/>
  <nd ref="4863238856"/>
  <nd ref="4863243265"/>
  <nd ref="4863238852"/>
  <tag k="highway" v="service"/>
  <tag k="name" v="보듬8로"/>
  <tag k="name:en" v="Bodeum 8-ro"/>
  <tag k="name:ko" v="보듬8로"/>
 </way>
 <way id="494576321" visible="true" version="3" changeset="57613194" timestamp="2018-03-28T20:36:57Z" user="pyram" uid="497849">
  <nd ref="4863243265"/>
  <nd ref="5512373181"/>
  <nd ref="5512373180"/>
  <nd ref="5512373178"/>
  <nd ref="5512373177"/>
  <nd ref="5512373176"/>
  <nd ref="4863238847"/>
  <nd ref="4863238852"/>
  <nd ref="4863243265"/>
  <tag k="description" v="도시근린공원"/>
  <tag k="leisure" v="park"/>
  <tag k="name" v="나호공원"/>
 </way>
 <way id="494582198" visible="true" version="4" changeset="162048817" timestamp="2025-02-02T14:29:59Z" user="Wolframite74" uid="20102979">
  <nd ref="4863238856"/>
  <nd ref="4863238854"/>
  <nd ref="4863234024"/>
  <nd ref="4863234028"/>
  <nd ref="3955483432"/>
  <nd ref="5512373145"/>
  <nd ref="5512373146"/>
  <nd ref="5512373141"/>
  <nd ref="5512373142"/>
  <nd ref="5512373143"/>
  <nd ref="5512373144"/>
  <nd ref="5512373147"/>
  <nd ref="5512373148"/>
  <nd ref="4863238852"/>
  <nd ref="4863238856"/>
  <tag k="landuse" v="industrial"/>
 </way>
 <way id="553344365" visible="true" version="2" changeset="75138103" timestamp="2019-10-01T09:17:27Z" user="octel" uid="238290">
  <nd ref="5341488768"/>
  <nd ref="5341488769"/>
  <nd ref="5341488770"/>
  <nd ref="5341493316"/>
  <nd ref="5341488771"/>
  <nd ref="5341488772"/>
  <nd ref="5341488773"/>
  <nd ref="5341488774"/>
  <nd ref="436815687"/>
  <tag k="highway" v="residential"/>
  <tag k="name" v="원당대로157번길"/>
  <tag k="name:en" v="Wondang-daero 157beon-gil"/>
  <tag k="name:ko" v="원당대로157번길"/>
 </way>
 <way id="553344381" visible="true" version="3" changeset="172352436" timestamp="2025-09-23T16:11:41Z" user="aaei924" uid="10626814">
  <nd ref="5341493301"/>
  <nd ref="13165552472"/>
  <nd ref="5341493302"/>
  <nd ref="5341493303"/>
  <nd ref="5341493304"/>
  <nd ref="5341493305"/>
  <nd ref="5341493306"/>
  <nd ref="5341493307"/>
  <nd ref="5341493308"/>
  <nd ref="5341493309"/>
  <nd ref="5341493310"/>
  <nd ref="5341493311"/>
  <nd ref="5341493312"/>
  <nd ref="5341493313"/>
  <nd ref="5341493314"/>
  <nd ref="5341493315"/>
  <nd ref="13165552430"/>
  <tag k="highway" v="residential"/>
  <tag k="name" v="원당대로205번길"/>
  <tag k="name:en" v="Wondang-daero 205beon-gil"/>
  <tag k="name:ko" v="원당대로205번길"/>
 </way>
 <way id="553344382" visible="true" version="1" changeset="55474603" timestamp="2018-01-15T20:24:09Z" user="FUKUTAN" uid="5207199">
  <nd ref="5341493312"/>
  <nd ref="5341493316"/>
  <tag k="highway" v="residential"/>
 </way>
 <way id="574194447" visible="true" version="2" changeset="75138103" timestamp="2019-10-01T09:17:27Z" user="octel" uid="238290">
  <nd ref="5512373173"/>
  <nd ref="5512373162"/>
  <nd ref="5512373161"/>
  <nd ref="5512373160"/>
  <nd ref="5512373163"/>
  <nd ref="5512373159"/>
  <nd ref="5512373158"/>
  <tag k="highway" v="residential"/>
  <tag k="name" v="원당대로117번안길"/>
  <tag k="name:en" v="Wondang-daero 117beonan-gil"/>
  <tag k="name:ko" v="원당대로117번안길"/>
 </way>
 <way id="574194448" visible="true" version="2" changeset="75138103" timestamp="2019-10-01T09:17:27Z" user="octel" uid="238290">
  <nd ref="5512373174"/>
  <nd ref="5512373166"/>
  <nd ref="5512373165"/>
  <nd ref="5512373164"/>
  <nd ref="5512373163"/>
  <tag k="highway" v="residential"/>
  <tag k="name" v="검단로114번안길"/>
  <tag k="name:en" v="Geomdan-ro 114beonan-gil"/>
  <tag k="name:ko" v="검단로114번안길"/>
 </way>
 <way id="574194449" visible="true" version="2" changeset="75138103" timestamp="2019-10-01T09:17:27Z" user="octel" uid="238290">
  <nd ref="5512373173"/>
  <nd ref="5512373172"/>
  <nd ref="5512373171"/>
  <nd ref="5512373170"/>
  <nd ref="5512373169"/>
  <nd ref="5512373168"/>
  <nd ref="5512373167"/>
  <tag k="highway" v="residential"/>
  <tag k="name" v="원당대로117번안길"/>
  <tag k="name:en" v="Wondang-daero 117beonan-gil"/>
  <tag k="name:ko" v="원당대로117번안길"/>
 </way>
 <way id="666418572" visible="true" version="8" changeset="176169818" timestamp="2025-12-20T08:16:39Z" user="aaei924" uid="10626814">
  <nd ref="4864582648"/>
  <nd ref="5259668411"/>
  <nd ref="5259668410"/>
  <tag k="highway" v="motorway"/>
  <tag k="lanes" v="3"/>
  <tag k="layer" v="2"/>
  <tag k="maxspeed" v="100"/>
  <tag k="maxspeed:hgv" v="80"/>
  <tag k="minspeed" v="50"/>
  <tag k="name" v="수도권제2순환고속도로"/>
  <tag k="name:el" v="Αυτοκινητόδρομος Σούντοκουον Τζε 2(ι) Σούνχουαν"/>
  <tag k="name:en" v="Sudogwon Je2sunhwan Expressway"/>
  <tag k="name:ko" v="수도권제2순환고속도로"/>
  <tag k="name:ko-Hani" v="首都圈第二循環高速道路"/>
  <tag k="name:ko-Latn" v="sudogwonje2sunhwangosokdoro"/>
  <tag k="name:zh" v="首都圈二環高速公路"/>
  <tag k="name:zh-Hans" v="首都圈二环高速公路"/>
  <tag k="name:zh-Hant" v="首都圈二環高速公路"/>
  <tag k="oneway" v="yes"/>
  <tag k="operator" v="인천김포고속도로(주)"/>
  <tag k="operator:addr:housenumber" v="120-60"/>
  <tag k="operator:addr:street" v="로봇랜드로"/>
  <tag k="operator:en" v="Incheon Gimpo Expressway Corporation"/>
  <tag k="operator:ko" v="인천김포고속도로(주)"/>
  <tag k="operator:type" v="private"/>
  <tag k="operator:website" v="https://www.igex.co.kr"/>
  <tag k="operator:wikidata" v="Q21060012"/>
  <tag k="owner" v="대한민국 정부"/>
  <tag k="ownership" v="national"/>
  <tag k="owner:wikidata" v="Q626814"/>
  <tag k="ref" v="400"/>
  <tag k="start_date" v="2017-03-23"/>
  <tag k="toll" v="yes"/>
 </way>
 <way id="666418573" visible="true" version="6" changeset="176169818" timestamp="2025-12-20T08:16:39Z" user="aaei924" uid="10626814">
  <nd ref="6239281907"/>
  <nd ref="4864582648"/>
  <tag k="bridge" v="yes"/>
  <tag k="bridge:name" v="검단3교"/>
  <tag k="bridge:name:ko" v="검단3교"/>
  <tag k="highway" v="motorway"/>
  <tag k="lanes" v="3"/>
  <tag k="layer" v="1"/>
  <tag k="maxspeed" v="100"/>
  <tag k="maxspeed:hgv" v="80"/>
  <tag k="minspeed" v="50"/>
  <tag k="name" v="수도권제2순환고속도로"/>
  <tag k="name:el" v="Αυτοκινητόδρομος Σούντοκουον Τζε 2(ι) Σούνχουαν"/>
  <tag k="name:en" v="Sudogwon Je2sunhwan Expressway"/>
  <tag k="name:ko" v="수도권제2순환고속도로"/>
  <tag k="name:ko-Hani" v="首都圈第二循環高速道路"/>
  <tag k="name:ko-Latn" v="sudogwonje2sunhwangosokdoro"/>
  <tag k="name:zh" v="首都圈二環高速公路"/>
  <tag k="name:zh-Hans" v="首都圈二环高速公路"/>
  <tag k="name:zh-Hant" v="首都圈二環高速公路"/>
  <tag k="oneway" v="yes"/>
  <tag k="operator" v="인천김포고속도로(주)"/>
  <tag k="operator:addr:housenumber" v="120-60"/>
  <tag k="operator:addr:street" v="로봇랜드로"/>
  <tag k="operator:en" v="Incheon Gimpo Expressway Corporation"/>
  <tag k="operator:ko" v="인천김포고속도로(주)"/>
  <tag k="operator:type" v="private"/>
  <tag k="operator:website" v="https://www.igex.co.kr"/>
  <tag k="operator:wikidata" v="Q21060012"/>
  <tag k="owner" v="대한민국 정부"/>
  <tag k="ownership" v="national"/>
  <tag k="owner:wikidata" v="Q626814"/>
  <tag k="ref" v="400"/>
  <tag k="start_date" v="2017-03-23"/>
  <tag k="toll" v="yes"/>
 </way>
 <way id="666418574" visible="true" version="7" changeset="176169818" timestamp="2025-12-20T08:16:39Z" user="aaei924" uid="10626814">
  <nd ref="6239281908"/>
  <nd ref="5259706063"/>
  <nd ref="4770479723"/>
  <nd ref="5259706064"/>
  <nd ref="4770479722"/>
  <nd ref="7010432729"/>
  <tag k="highway" v="motorway"/>
  <tag k="lanes" v="3"/>
  <tag k="maxspeed" v="100"/>
  <tag k="maxspeed:hgv" v="80"/>
  <tag k="minspeed" v="50"/>
  <tag k="name" v="수도권제2순환고속도로"/>
  <tag k="name:el" v="Αυτοκινητόδρομος Σούντοκουον Τζε 2(ι) Σούνχουαν"/>
  <tag k="name:en" v="Sudogwon Je2sunhwan Expressway"/>
  <tag k="name:ko" v="수도권제2순환고속도로"/>
  <tag k="name:ko-Hani" v="首都圈第二循環高速道路"/>
  <tag k="name:ko-Latn" v="sudogwonje2sunhwangosokdoro"/>
  <tag k="name:zh" v="首都圈二環高速公路"/>
  <tag k="name:zh-Hans" v="首都圈二环高速公路"/>
  <tag k="name:zh-Hant" v="首都圈二環高速公路"/>
  <tag k="operator" v="인천김포고속도로(주)"/>
  <tag k="operator:addr:housenumber" v="120-60"/>
  <tag k="operator:addr:street" v="로봇랜드로"/>
  <tag k="operator:en" v="Incheon Gimpo Expressway Corporation"/>
  <tag k="operator:ko" v="인천김포고속도로(주)"/>
  <tag k="operator:type" v="private"/>
  <tag k="operator:website" v="https://www.igex.co.kr"/>
  <tag k="operator:wikidata" v="Q21060012"/>
  <tag k="owner" v="대한민국 정부"/>
  <tag k="ownership" v="national"/>
  <tag k="owner:wikidata" v="Q626814"/>
  <tag k="ref" v="400"/>
  <tag k="start_date" v="2017-03-23"/>
  <tag k="toll" v="yes"/>
 </way>
 <way id="666418577" visible="true" version="6" changeset="176169818" timestamp="2025-12-20T08:16:39Z" user="aaei924" uid="10626814">
  <nd ref="436942620"/>
  <nd ref="6239281908"/>
  <tag k="bridge" v="yes"/>
  <tag k="bridge:name" v="검단3교"/>
  <tag k="bridge:name:ko" v="검단3교"/>
  <tag k="highway" v="motorway"/>
  <tag k="lanes" v="3"/>
  <tag k="layer" v="1"/>
  <tag k="maxspeed" v="100"/>
  <tag k="maxspeed:hgv" v="80"/>
  <tag k="minspeed" v="50"/>
  <tag k="name" v="수도권제2순환고속도로"/>
  <tag k="name:el" v="Αυτοκινητόδρομος Σούντοκουον Τζε 2(ι) Σούνχουαν"/>
  <tag k="name:en" v="Sudogwon Je2sunhwan Expressway"/>
  <tag k="name:ko" v="수도권제2순환고속도로"/>
  <tag k="name:ko-Hani" v="首都圈第二循環高速道路"/>
  <tag k="name:ko-Latn" v="sudogwonje2sunhwangosokdoro"/>
  <tag k="name:zh" v="首都圈二環高速公路"/>
  <tag k="name:zh-Hans" v="首都圈二环高速公路"/>
  <tag k="name:zh-Hant" v="首都圈二環高速公路"/>
  <tag k="operator" v="인천김포고속도로(주)"/>
  <tag k="operator:addr:housenumber" v="120-60"/>
  <tag k="operator:addr:street" v="로봇랜드로"/>
  <tag k="operator:en" v="Incheon Gimpo Expressway Corporation"/>
  <tag k="operator:ko" v="인천김포고속도로(주)"/>
  <tag k="operator:type" v="private"/>
  <tag k="operator:website" v="https://www.igex.co.kr"/>
  <tag k="operator:wikidata" v="Q21060012"/>
  <tag k="owner" v="대한민국 정부"/>
  <tag k="ownership" v="national"/>
  <tag k="owner:wikidata" v="Q626814"/>
  <tag k="ref" v="400"/>
  <tag k="start_date" v="2017-03-23"/>
  <tag k="toll" v="yes"/>
 </way>
 <way id="730141970" visible="true" version="1" changeset="75138103" timestamp="2019-10-01T09:17:27Z" user="octel" uid="238290">
  <nd ref="5341488764"/>
  <nd ref="5341493223"/>
  <nd ref="5341488776"/>
  <nd ref="5341488765"/>
  <nd ref="5341488766"/>
  <nd ref="5341488767"/>
  <nd ref="5341488795"/>
  <nd ref="5341488768"/>
  <tag k="highway" v="residential"/>
  <tag k="name" v="이든로"/>
  <tag k="name:en" v="Ideun-ro"/>
  <tag k="name:ko" v="이든로"/>
 </way>
 <way id="730141971" visible="true" version="1" changeset="75138103" timestamp="2019-10-01T09:17:27Z" user="octel" uid="238290">
  <nd ref="5512373174"/>
  <nd ref="5512373173"/>
  <tag k="highway" v="residential"/>
  <tag k="noname" v="yes"/>
 </way>
 <way id="730141972" visible="true" version="1" changeset="75138103" timestamp="2019-10-01T09:17:27Z" user="octel" uid="238290">
  <nd ref="5512373175"/>
  <nd ref="5512373174"/>
  <tag k="highway" v="residential"/>
  <tag k="name" v="검단로114번안길"/>
  <tag k="name:en" v="Geomdan-ro 114beonan-gil"/>
  <tag k="name:ko" v="검단로114번안길"/>
 </way>
 <way id="730141974" visible="true" version="2" changeset="110457950" timestamp="2021-08-30T12:04:56Z" user="sangguk" uid="10896485">
  <nd ref="5341097188"/>
  <nd ref="5341097185"/>
  <nd ref="5341097186"/>
  <nd ref="5341097187"/>
  <nd ref="9048049537"/>
  <nd ref="9048049530"/>
  <nd ref="9048049531"/>
  <nd ref="9048049532"/>
  <nd ref="9048049533"/>
  <nd ref="9048049556"/>
  <nd ref="9048049534"/>
  <nd ref="9048049535"/>
  <nd ref="9048049577"/>
  <nd ref="9048049542"/>
  <nd ref="9048049536"/>
  <tag k="highway" v="residential"/>
  <tag k="name" v="오류로13번길"/>
  <tag k="name:en" v="Oryu-ro 13beon-gil"/>
  <tag k="name:ko" v="오류로13번길"/>
 </way>
 <way id="749677670" visible="true" version="1" changeset="77552832" timestamp="2019-11-26T05:40:02Z" user="AnSanMap" uid="5185732">
  <nd ref="5341493301"/>
  <nd ref="7010416978"/>
  <tag k="highway" v="service"/>
  <tag k="layer" v="-1"/>
  <tag k="tunnel" v="yes"/>
 </way>
 <way id="749677683" visible="true" version="6" changeset="176169818" timestamp="2025-12-20T08:16:39Z" user="aaei924" uid="10626814">
  <nd ref="7010432730"/>
  <nd ref="4770469399"/>
  <nd ref="5259706062"/>
  <nd ref="5259706061"/>
  <nd ref="4770470524"/>
  <nd ref="6239281907"/>
  <tag k="highway" v="motorway"/>
  <tag k="lanes" v="3"/>
  <tag k="layer" v="2"/>
  <tag k="maxspeed" v="100"/>
  <tag k="maxspeed:hgv" v="80"/>
  <tag k="minspeed" v="50"/>
  <tag k="name" v="수도권제2순환고속도로"/>
  <tag k="name:el" v="Αυτοκινητόδρομος Σούντοκουον Τζε 2(ι) Σούνχουαν"/>
  <tag k="name:en" v="Sudogwon Je2sunhwan Expressway"/>
  <tag k="name:ko" v="수도권제2순환고속도로"/>
  <tag k="name:ko-Hani" v="首都圈第二循環高速道路"/>
  <tag k="name:ko-Latn" v="sudogwonje2sunhwangosokdoro"/>
  <tag k="name:zh" v="首都圈二環高速公路"/>
  <tag k="name:zh-Hans" v="首都圈二环高速公路"/>
  <tag k="name:zh-Hant" v="首都圈二環高速公路"/>
  <tag k="oneway" v="yes"/>
  <tag k="operator" v="인천김포고속도로(주)"/>
  <tag k="operator:addr:housenumber" v="120-60"/>
  <tag k="operator:addr:street" v="로봇랜드로"/>
  <tag k="operator:en" v="Incheon Gimpo Expressway Corporation"/>
  <tag k="operator:ko" v="인천김포고속도로(주)"/>
  <tag k="operator:type" v="private"/>
  <tag k="operator:website" v="https://www.igex.co.kr"/>
  <tag k="operator:wikidata" v="Q21060012"/>
  <tag k="owner" v="대한민국 정부"/>
  <tag k="ownership" v="national"/>
  <tag k="owner:wikidata" v="Q626814"/>
  <tag k="ref" v="400"/>
  <tag k="start_date" v="2017-03-23"/>
  <tag k="toll" v="yes"/>
 </way>
 <way id="749677839" visible="true" version="6" changeset="176169818" timestamp="2025-12-20T08:16:39Z" user="aaei924" uid="10626814">
  <nd ref="7010424481"/>
  <nd ref="7010424483"/>
  <tag k="bridge" v="yes"/>
  <tag k="bridge:name" v="검단4교"/>
  <tag k="bridge:name:ko" v="검단4교"/>
  <tag k="highway" v="motorway"/>
  <tag k="lanes" v="3"/>
  <tag k="layer" v="1"/>
  <tag k="maxspeed" v="100"/>
  <tag k="maxspeed:hgv" v="80"/>
  <tag k="minspeed" v="50"/>
  <tag k="name" v="수도권제2순환고속도로"/>
  <tag k="name:el" v="Αυτοκινητόδρομος Σούντοκουον Τζε 2(ι) Σούνχουαν"/>
  <tag k="name:en" v="Sudogwon Je2sunhwan Expressway"/>
  <tag k="name:ko" v="수도권제2순환고속도로"/>
  <tag k="name:ko-Hani" v="首都圈第二循環高速道路"/>
  <tag k="name:ko-Latn" v="sudogwonje2sunhwangosokdoro"/>
  <tag k="name:zh" v="首都圈二環高速公路"/>
  <tag k="name:zh-Hans" v="首都圈二环高速公路"/>
  <tag k="name:zh-Hant" v="首都圈二環高速公路"/>
  <tag k="operator" v="인천김포고속도로(주)"/>
  <tag k="operator:addr:housenumber" v="120-60"/>
  <tag k="operator:addr:street" v="로봇랜드로"/>
  <tag k="operator:en" v="Incheon Gimpo Expressway Corporation"/>
  <tag k="operator:ko" v="인천김포고속도로(주)"/>
  <tag k="operator:type" v="private"/>
  <tag k="operator:website" v="https://www.igex.co.kr"/>
  <tag k="operator:wikidata" v="Q21060012"/>
  <tag k="owner" v="대한민국 정부"/>
  <tag k="ownership" v="national"/>
  <tag k="owner:wikidata" v="Q626814"/>
  <tag k="ref" v="400"/>
  <tag k="start_date" v="2017-03-23"/>
  <tag k="toll" v="yes"/>
 </way>
 <way id="749677841" visible="true" version="6" changeset="176169818" timestamp="2025-12-20T08:16:39Z" user="aaei924" uid="10626814">
  <nd ref="7010424483"/>
  <nd ref="4770479725"/>
  <nd ref="4770479724"/>
  <nd ref="436942620"/>
  <tag k="highway" v="motorway"/>
  <tag k="lanes" v="3"/>
  <tag k="maxspeed" v="100"/>
  <tag k="maxspeed:hgv" v="80"/>
  <tag k="minspeed" v="50"/>
  <tag k="name" v="수도권제2순환고속도로"/>
  <tag k="name:el" v="Αυτοκινητόδρομος Σούντοκουον Τζε 2(ι) Σούνχουαν"/>
  <tag k="name:en" v="Sudogwon Je2sunhwan Expressway"/>
  <tag k="name:ko" v="수도권제2순환고속도로"/>
  <tag k="name:ko-Hani" v="首都圈第二循環高速道路"/>
  <tag k="name:ko-Latn" v="sudogwonje2sunhwangosokdoro"/>
  <tag k="name:zh" v="首都圈二環高速公路"/>
  <tag k="name:zh-Hans" v="首都圈二环高速公路"/>
  <tag k="name:zh-Hant" v="首都圈二環高速公路"/>
  <tag k="operator" v="인천김포고속도로(주)"/>
  <tag k="operator:addr:housenumber" v="120-60"/>
  <tag k="operator:addr:street" v="로봇랜드로"/>
  <tag k="operator:en" v="Incheon Gimpo Expressway Corporation"/>
  <tag k="operator:ko" v="인천김포고속도로(주)"/>
  <tag k="operator:type" v="private"/>
  <tag k="operator:website" v="https://www.igex.co.kr"/>
  <tag k="operator:wikidata" v="Q21060012"/>
  <tag k="owner" v="대한민국 정부"/>
  <tag k="ownership" v="national"/>
  <tag k="owner:wikidata" v="Q626814"/>
  <tag k="ref" v="400"/>
  <tag k="start_date" v="2017-03-23"/>
  <tag k="toll" v="yes"/>
 </way>
 <way id="749677842" visible="true" version="6" changeset="176169818" timestamp="2025-12-20T08:16:39Z" user="aaei924" uid="10626814">
  <nd ref="5259668410"/>
  <nd ref="7010424482"/>
  <tag k="bridge" v="yes"/>
  <tag k="bridge:name" v="검단4교"/>
  <tag k="bridge:name:ko" v="검단4교"/>
  <tag k="highway" v="motorway"/>
  <tag k="lanes" v="3"/>
  <tag k="layer" v="1"/>
  <tag k="maxspeed" v="100"/>
  <tag k="maxspeed:hgv" v="80"/>
  <tag k="minspeed" v="50"/>
  <tag k="name" v="수도권제2순환고속도로"/>
  <tag k="name:el" v="Αυτοκινητόδρομος Σούντοκουον Τζε 2(ι) Σούνχουαν"/>
  <tag k="name:en" v="Sudogwon Je2sunhwan Expressway"/>
  <tag k="name:ko" v="수도권제2순환고속도로"/>
  <tag k="name:ko-Hani" v="首都圈第二循環高速道路"/>
  <tag k="name:ko-Latn" v="sudogwonje2sunhwangosokdoro"/>
  <tag k="name:zh" v="首都圈二環高速公路"/>
  <tag k="name:zh-Hans" v="首都圈二环高速公路"/>
  <tag k="name:zh-Hant" v="首都圈二環高速公路"/>
  <tag k="oneway" v="yes"/>
  <tag k="operator" v="인천김포고속도로(주)"/>
  <tag k="operator:addr:housenumber" v="120-60"/>
  <tag k="operator:addr:street" v="로봇랜드로"/>
  <tag k="operator:en" v="Incheon Gimpo Expressway Corporation"/>
  <tag k="operator:ko" v="인천김포고속도로(주)"/>
  <tag k="operator:type" v="private"/>
  <tag k="operator:website" v="https://www.igex.co.kr"/>
  <tag k="operator:wikidata" v="Q21060012"/>
  <tag k="owner" v="대한민국 정부"/>
  <tag k="ownership" v="national"/>
  <tag k="owner:wikidata" v="Q626814"/>
  <tag k="ref" v="400"/>
  <tag k="start_date" v="2017-03-23"/>
  <tag k="toll" v="yes"/>
 </way>
 <way id="868584718" visible="true" version="10" changeset="172352436" timestamp="2025-09-23T16:11:41Z" user="aaei924" uid="10626814">
  <nd ref="9048049520"/>
  <nd ref="10740299419"/>
  <nd ref="10740299417"/>
  <nd ref="11411543028"/>
  <nd ref="12866808578"/>
  <nd ref="5341097227"/>
  <nd ref="13011907933"/>
  <nd ref="13165552437"/>
  <nd ref="9048049522"/>
  <nd ref="4869152966"/>
  <tag k="highway" v="secondary"/>
  <tag k="lanes" v="3"/>
  <tag k="maxspeed" v="60"/>
  <tag k="name" v="반월로"/>
  <tag k="name:en" v="Banwol-ro"/>
  <tag k="name:ko" v="반월로"/>
  <tag k="oneway" v="yes"/>
  <tag k="ref" v="58"/>
 </way>
 <way id="977847893" visible="true" version="1" changeset="110457950" timestamp="2021-08-30T12:04:56Z" user="sangguk" uid="10896485">
  <nd ref="9048049537"/>
  <nd ref="9048049538"/>
  <nd ref="9048049539"/>
  <nd ref="9048049540"/>
  <nd ref="9048049541"/>
  <nd ref="9048049542"/>
  <tag k="highway" v="residential"/>
  <tag k="name" v="오류로13번안길"/>
  <tag k="name:ko" v="오류로13번안길"/>
 </way>
 <way id="1054178839" visible="true" version="3" changeset="177668875" timestamp="2026-01-25T04:59:23Z" user="aaei924" uid="10626814">
  <nd ref="9687706185"/>
  <nd ref="9687706184"/>
  <nd ref="9687706183"/>
  <nd ref="9687706182"/>
  <nd ref="9687706181"/>
  <nd ref="9687706180"/>
  <nd ref="9687706179"/>
  <nd ref="9687706178"/>
  <nd ref="9687706177"/>
  <nd ref="9687706174"/>
  <nd ref="9687706176"/>
  <tag k="bridge" v="yes"/>
  <tag k="colour" v="#ED8000"/>
  <tag k="electrified" v="rail"/>
  <tag k="frequency" v="0"/>
  <tag k="gauge" v="1435"/>
  <tag k="layer" v="1"/>
  <tag k="oneway" v="yes"/>
  <tag k="operator" v="인천교통공사"/>
  <tag k="owner" v="인천광역시"/>
  <tag k="railway" v="light_rail"/>
  <tag k="service" v="yard"/>
  <tag k="start_date" v="2016-06-30"/>
  <tag k="voltage" v="750"/>
 </way>
 <way id="1214391620" visible="true" version="1" changeset="142361011" timestamp="2023-10-09T18:07:46Z" user="aaei924" uid="10626814">
  <nd ref="4869152966"/>
  <nd ref="5341097317"/>
  <nd ref="9048049536"/>
  <nd ref="5341097318"/>
  <tag k="highway" v="secondary"/>
  <tag k="lanes" v="3"/>
  <tag k="name" v="반월로"/>
  <tag k="name:en" v="Banwol-ro"/>
  <tag k="name:ko" v="반월로"/>
  <tag k="oneway" v="yes"/>
  <tag k="ref" v="58"/>
 </way>
 <way id="1214391621" visible="true" version="4" changeset="172352436" timestamp="2025-09-23T16:11:41Z" user="aaei924" uid="10626814">
  <nd ref="4869152966"/>
  <nd ref="13165552445"/>
  <nd ref="13165552444"/>
  <nd ref="13165552452"/>
  <nd ref="4869152965"/>
  <nd ref="13017305574"/>
  <nd ref="13165552479"/>
  <nd ref="13165552456"/>
  <nd ref="11251540988"/>
  <tag k="highway" v="tertiary"/>
  <tag k="lanes" v="3"/>
  <tag k="maxspeed" v="60"/>
  <tag k="name" v="반월로"/>
  <tag k="name:en" v="Banwol-ro"/>
  <tag k="name:ko" v="반월로"/>
  <tag k="ref" v="58"/>
 </way>
 <way id="1230604453" visible="true" version="4" changeset="172352436" timestamp="2025-09-23T16:11:41Z" user="aaei924" uid="10626814">
  <nd ref="3955483432"/>
  <nd ref="4863238853"/>
  <nd ref="4869152970"/>
  <nd ref="4863238855"/>
  <nd ref="12551208274"/>
  <nd ref="12551208275"/>
  <nd ref="4863238849"/>
  <nd ref="3955483418"/>
  <nd ref="3955483417"/>
  <nd ref="3955483415"/>
  <nd ref="13165552436"/>
  <nd ref="13165552435"/>
  <nd ref="3955483412"/>
  <nd ref="13165552440"/>
  <nd ref="13165552441"/>
  <nd ref="4869152966"/>
  <nd ref="13165552447"/>
  <nd ref="3955483406"/>
  <nd ref="12833768548"/>
  <nd ref="12833768582"/>
  <nd ref="12551208276"/>
  <nd ref="12551208277"/>
  <nd ref="3955483402"/>
  <nd ref="12833768568"/>
  <nd ref="5341097133"/>
  <tag k="highway" v="secondary"/>
  <tag k="name" v="검단로"/>
  <tag k="name:en" v="Geomdan-ro"/>
  <tag k="name:ko" v="검단로"/>
  <tag k="ref" v="54"/>
  <tag k="wikidata" v="Q109461614"/>
  <tag k="wikipedia" v="ko:검단로 (인천)"/>
 </way>
 <way id="1231034974" visible="true" version="3" changeset="175911116" timestamp="2025-12-14T09:15:53Z" user="aaei924" uid="10626814">
  <nd ref="4340427551"/>
  <nd ref="5334119839"/>
  <tag k="bridge" v="yes"/>
  <tag k="colour" v="#ED8000"/>
  <tag k="electrified" v="rail"/>
  <tag k="frequency" v="0"/>
  <tag k="gauge" v="1435"/>
  <tag k="layer" v="1"/>
  <tag k="maxspeed" v="80"/>
  <tag k="name" v="인천 도시철도 2호선"/>
  <tag k="name:en" v="Incheon Metro Line 2"/>
  <tag k="name:ja" v="仁川都市鉄道2号線"/>
  <tag k="name:ko" v="인천 도시철도 2호선"/>
  <tag k="name:ko-Hani" v="仁川都市鐵道2號線"/>
  <tag k="name:zh" v="仁川都市鐵道2號線"/>
  <tag k="name:zh-Hans" v="仁川都市铁道2号线"/>
  <tag k="name:zh-Hant" v="仁川都市鐵道2號線"/>
  <tag k="oneway" v="yes"/>
  <tag k="operator" v="인천교통공사"/>
  <tag k="owner" v="인천광역시"/>
  <tag k="railway" v="light_rail"/>
  <tag k="railway:ato" v="dto"/>
  <tag k="railway:cbtc" v="yes"/>
  <tag k="start_date" v="2016-06-30"/>
  <tag k="voltage" v="750"/>
 </way>
 <way id="1386134354" visible="true" version="2" changeset="166774200" timestamp="2025-05-26T11:19:19Z" user="TejasSatkar" uid="22889547">
  <nd ref="12833768548"/>
  <nd ref="12833768549"/>
  <nd ref="12864403274"/>
  <nd ref="12833768550"/>
  <tag k="highway" v="service"/>
 </way>
 <way id="1386134355" visible="true" version="3" changeset="167520143" timestamp="2025-06-12T07:21:05Z" user="Pan_Nug" uid="17280926">
  <nd ref="12833768550"/>
  <nd ref="12833768554"/>
  <nd ref="12833768555"/>
  <nd ref="12833768556"/>
  <nd ref="12833768557"/>
  <nd ref="12833768558"/>
  <nd ref="12833768559"/>
  <nd ref="12833768560"/>
  <nd ref="12833768561"/>
  <nd ref="12833768562"/>
  <nd ref="12864403277"/>
  <nd ref="12833768565"/>
  <nd ref="12833768566"/>
  <nd ref="12864403276"/>
  <tag k="highway" v="service"/>
  <tag k="oneway" v="yes"/>
  <tag k="service" v="parking_aisle"/>
 </way>
 <way id="1389771406" visible="true" version="1" changeset="166774200" timestamp="2025-05-26T11:19:19Z" user="TejasSatkar" uid="22889547">
  <nd ref="12833768550"/>
  <nd ref="12833768551"/>
  <nd ref="12833768552"/>
  <nd ref="12864403275"/>
  <tag k="highway" v="service"/>
 </way>
 <way id="1389771407" visible="true" version="2" changeset="167812194" timestamp="2025-06-19T07:37:35Z" user="Tinetto" uid="14728702">
  <nd ref="12864403275"/>
  <nd ref="12925336310"/>
  <nd ref="12864403278"/>
  <nd ref="12864403279"/>
  <nd ref="12864403280"/>
  <tag k="highway" v="service"/>
 </way>
 <way id="1390071072" visible="true" version="1" changeset="166827133" timestamp="2025-05-27T13:24:42Z" user="Shayana K" uid="22889570">
  <nd ref="12866808484"/>
  <nd ref="12866808497"/>
  <nd ref="12866808498"/>
  <nd ref="12866808499"/>
  <nd ref="12866808500"/>
  <nd ref="12866808501"/>
  <nd ref="12866808502"/>
  <nd ref="12866808503"/>
  <nd ref="11411543037"/>
  <nd ref="12866808504"/>
  <nd ref="12866808505"/>
  <nd ref="12866808506"/>
  <nd ref="12866808507"/>
  <nd ref="12866808508"/>
  <nd ref="12866808509"/>
  <nd ref="12866808510"/>
  <nd ref="12866808511"/>
  <nd ref="12866808512"/>
  <nd ref="12866808513"/>
  <nd ref="12866808514"/>
  <nd ref="12866808515"/>
  <nd ref="12866808516"/>
  <nd ref="12866808517"/>
  <nd ref="12866808518"/>
  <nd ref="12866808519"/>
  <nd ref="12866808520"/>
  <nd ref="12866808521"/>
  <nd ref="12866808522"/>
  <nd ref="12866808523"/>
  <nd ref="12866808524"/>
  <nd ref="12866808525"/>
  <nd ref="12866808526"/>
  <nd ref="12866808527"/>
  <nd ref="12866808528"/>
  <nd ref="12866808529"/>
  <nd ref="12866808530"/>
  <nd ref="12866808531"/>
  <nd ref="12866808532"/>
  <nd ref="12866808533"/>
  <nd ref="12866808534"/>
  <nd ref="12866808535"/>
  <nd ref="12866808536"/>
  <nd ref="12866808537"/>
  <nd ref="12866808538"/>
  <nd ref="12866808539"/>
  <nd ref="12866808540"/>
  <nd ref="12866808541"/>
  <nd ref="12866808542"/>
  <nd ref="12866808543"/>
  <nd ref="12866808544"/>
  <nd ref="12866808545"/>
  <nd ref="12866808546"/>
  <nd ref="12866808547"/>
  <nd ref="12866808548"/>
  <nd ref="12866808549"/>
  <nd ref="12866808550"/>
  <tag k="highway" v="service"/>
 </way>
 <way id="1394482804" visible="true" version="1" changeset="167520143" timestamp="2025-06-12T07:21:05Z" user="Pan_Nug" uid="17280926">
  <nd ref="12864403276"/>
  <nd ref="12833768567"/>
  <nd ref="12864403274"/>
  <tag k="highway" v="service"/>
  <tag k="oneway" v="yes"/>
  <tag k="service" v="parking_aisle"/>
 </way>
 <way id="1396515378" visible="true" version="1" changeset="167812194" timestamp="2025-06-19T07:37:35Z" user="Tinetto" uid="14728702">
  <nd ref="12925336309"/>
  <nd ref="12925336308"/>
  <nd ref="12925336307"/>
  <nd ref="12925336306"/>
  <nd ref="12925336305"/>
  <nd ref="12925336304"/>
  <nd ref="12925336303"/>
  <nd ref="12925336302"/>
  <nd ref="12925336301"/>
  <nd ref="12864403280"/>
  <tag k="highway" v="service"/>
 </way>
 <way id="1416534340" visible="true" version="1" changeset="169294793" timestamp="2025-07-22T13:48:13Z" user="ashwini_15" uid="19419485">
  <nd ref="12864403275"/>
  <nd ref="13017305539"/>
  <nd ref="13017305540"/>
  <nd ref="13017305541"/>
  <nd ref="13017305542"/>
  <nd ref="13017305543"/>
  <nd ref="13017305544"/>
  <nd ref="13017305545"/>
  <nd ref="13017305546"/>
  <nd ref="13017305547"/>
  <nd ref="13017305548"/>
  <nd ref="13017305549"/>
  <nd ref="13017305550"/>
  <nd ref="13017305551"/>
  <nd ref="13017305552"/>
  <nd ref="13017305553"/>
  <nd ref="13017305554"/>
  <nd ref="13017305555"/>
  <nd ref="13017305556"/>
  <nd ref="13017305557"/>
  <tag k="highway" v="service"/>
 </way>
 <way id="1416534341" visible="true" version="1" changeset="169294793" timestamp="2025-07-22T13:48:13Z" user="ashwini_15" uid="19419485">
  <nd ref="13017305556"/>
  <nd ref="13017305558"/>
  <nd ref="13017305559"/>
  <nd ref="13017305560"/>
  <nd ref="13017305561"/>
  <nd ref="13017305562"/>
  <nd ref="13017305563"/>
  <nd ref="13017305564"/>
  <nd ref="13017305565"/>
  <nd ref="13017305573"/>
  <nd ref="13017305566"/>
  <nd ref="13017305567"/>
  <nd ref="13017305568"/>
  <nd ref="13017305569"/>
  <nd ref="13017305570"/>
  <nd ref="13017305587"/>
  <nd ref="13017305571"/>
  <nd ref="13017305572"/>
  <tag k="highway" v="service"/>
 </way>
 <way id="1416534342" visible="true" version="2" changeset="172352436" timestamp="2025-09-23T16:11:41Z" user="aaei924" uid="10626814">
  <nd ref="13017305573"/>
  <nd ref="13017305574"/>
  <nd ref="13165552477"/>
  <nd ref="13165552492"/>
  <nd ref="13165552478"/>
  <tag k="highway" v="service"/>
 </way>
 <way id="1416534343" visible="true" version="1" changeset="169294793" timestamp="2025-07-22T13:48:13Z" user="ashwini_15" uid="19419485">
  <nd ref="13017305545"/>
  <nd ref="13017305575"/>
  <nd ref="13017305576"/>
  <nd ref="13017305577"/>
  <nd ref="13017305578"/>
  <nd ref="13017305579"/>
  <nd ref="13017305580"/>
  <nd ref="13017305581"/>
  <nd ref="13017305582"/>
  <nd ref="13017305583"/>
  <nd ref="13017305584"/>
  <nd ref="13017305585"/>
  <nd ref="13017305586"/>
  <tag k="highway" v="service"/>
 </way>
 <way id="1416534344" visible="true" version="1" changeset="169294793" timestamp="2025-07-22T13:48:13Z" user="ashwini_15" uid="19419485">
  <nd ref="13017305587"/>
  <nd ref="13017305588"/>
  <nd ref="13017305589"/>
  <tag k="highway" v="service"/>
 </way>
 <way id="1416534345" visible="true" version="1" changeset="169294793" timestamp="2025-07-22T13:48:13Z" user="ashwini_15" uid="19419485">
  <nd ref="7010416979"/>
  <nd ref="13017305590"/>
  <nd ref="13017305591"/>
  <nd ref="13017305592"/>
  <nd ref="13017305593"/>
  <nd ref="13017305594"/>
  <nd ref="13017305595"/>
  <nd ref="13017305596"/>
  <nd ref="13017305597"/>
  <nd ref="13017305598"/>
  <nd ref="13017305599"/>
  <nd ref="13017305600"/>
  <nd ref="13017342101"/>
  <nd ref="13017342102"/>
  <tag k="highway" v="service"/>
 </way>
 <way id="1432329292" visible="true" version="1" changeset="172352436" timestamp="2025-09-23T16:11:41Z" user="aaei924" uid="10626814">
  <nd ref="13165552452"/>
  <nd ref="13165552451"/>
  <nd ref="13165552427"/>
  <nd ref="13165552448"/>
  <nd ref="13165552449"/>
  <nd ref="13165552450"/>
  <nd ref="4869152965"/>
  <tag k="highway" v="tertiary"/>
  <tag k="name" v="원당대로117번길"/>
  <tag k="name:en" v="Wondang-daero 117beon-gil"/>
  <tag k="name:ko" v="원당대로117번길"/>
  <tag k="oneway" v="yes"/>
 </way>
 <way id="1432329293" visible="true" version="1" changeset="172352436" timestamp="2025-09-23T16:11:41Z" user="aaei924" uid="10626814">
  <nd ref="5341493315"/>
  <nd ref="436815687"/>
  <tag k="highway" v="residential"/>
  <tag k="name" v="원당대로205번길"/>
  <tag k="name:en" v="Wondang-daero 205beon-gil"/>
  <tag k="name:ko" v="원당대로205번길"/>
 </way>
 <way id="1432329294" visible="true" version="1" changeset="172352436" timestamp="2025-09-23T16:11:41Z" user="aaei924" uid="10626814">
  <nd ref="13165552431"/>
  <nd ref="7010424482"/>
  <nd ref="7010424481"/>
  <nd ref="13165552432"/>
  <nd ref="13165552433"/>
  <nd ref="7010424483"/>
  <nd ref="5259668410"/>
  <nd ref="13165552434"/>
  <nd ref="13165552431"/>
  <tag k="layer" v="1"/>
  <tag k="man_made" v="bridge"/>
  <tag k="name" v="검단4교"/>
  <tag k="name:en" v="Geomdan 4 Bridge"/>
  <tag k="name:ko" v="검단4교"/>
  <tag k="name:ko-Latn" v="Geomdansagyo"/>
 </way>
 <way id="1432329295" visible="true" version="1" changeset="172352436" timestamp="2025-09-23T16:11:41Z" user="aaei924" uid="10626814">
  <nd ref="13165552435"/>
  <nd ref="12866808550"/>
  <nd ref="13165552436"/>
  <tag k="highway" v="service"/>
  <tag k="oneway" v="yes"/>
 </way>
 <way id="1432329296" visible="true" version="1" changeset="172352436" timestamp="2025-09-23T16:11:41Z" user="aaei924" uid="10626814">
  <nd ref="13165552437"/>
  <nd ref="13165552438"/>
  <nd ref="13165552439"/>
  <nd ref="13165552440"/>
  <tag k="highway" v="secondary_link"/>
  <tag k="oneway" v="yes"/>
 </way>
 <way id="1432329297" visible="true" version="1" changeset="172352436" timestamp="2025-09-23T16:11:41Z" user="aaei924" uid="10626814">
  <nd ref="13165552441"/>
  <nd ref="13165552442"/>
  <nd ref="13165552443"/>
  <nd ref="13165552444"/>
  <tag k="highway" v="secondary_link"/>
  <tag k="oneway" v="yes"/>
 </way>
 <way id="1432329298" visible="true" version="1" changeset="172352436" timestamp="2025-09-23T16:11:41Z" user="aaei924" uid="10626814">
  <nd ref="13165552445"/>
  <nd ref="13165552446"/>
  <nd ref="13165552447"/>
  <tag k="highway" v="secondary_link"/>
  <tag k="oneway" v="yes"/>
 </way>
 <way id="1432329300" visible="true" version="1" changeset="172352436" timestamp="2025-09-23T16:11:41Z" user="aaei924" uid="10626814">
  <nd ref="13165552460"/>
  <nd ref="4864582648"/>
  <nd ref="436942620"/>
  <nd ref="13165552461"/>
  <nd ref="13165552462"/>
  <nd ref="6239281908"/>
  <nd ref="6239281907"/>
  <nd ref="13165552463"/>
  <nd ref="13165552460"/>
  <tag k="layer" v="1"/>
  <tag k="man_made" v="bridge"/>
  <tag k="name" v="검단3교"/>
  <tag k="name:en" v="Geomdan 3 Bridge"/>
  <tag k="name:ko" v="검단3교"/>
  <tag k="name:ko-Latn" v="Geomdansamgyo"/>
 </way>
 <way id="1432329301" visible="true" version="1" changeset="172352436" timestamp="2025-09-23T16:11:41Z" user="aaei924" uid="10626814">
  <nd ref="13165552472"/>
  <nd ref="13165552471"/>
  <nd ref="13165552470"/>
  <nd ref="13165552464"/>
  <tag k="highway" v="unclassified"/>
 </way>
 <way id="1432329302" visible="true" version="1" changeset="172352436" timestamp="2025-09-23T16:11:41Z" user="aaei924" uid="10626814">
  <nd ref="13165552464"/>
  <nd ref="13165552465"/>
  <nd ref="13165552466"/>
  <nd ref="13165552467"/>
  <nd ref="13165552468"/>
  <nd ref="13165552469"/>
  <tag k="highway" v="service"/>
 </way>
 <way id="1432329304" visible="true" version="1" changeset="172352436" timestamp="2025-09-23T16:11:41Z" user="aaei924" uid="10626814">
  <nd ref="7010416978"/>
  <nd ref="13165552480"/>
  <nd ref="13165552479"/>
  <tag k="highway" v="service"/>
 </way>
 <way id="1432329305" visible="true" version="1" changeset="172352436" timestamp="2025-09-23T16:11:41Z" user="aaei924" uid="10626814">
  <nd ref="13165552480"/>
  <nd ref="13165552481"/>
  <nd ref="13165552482"/>
  <nd ref="13165552483"/>
  <nd ref="13165552484"/>
  <nd ref="13165552485"/>
  <nd ref="13165552486"/>
  <nd ref="13165552487"/>
  <nd ref="13165552488"/>
  <nd ref="13165552489"/>
  <nd ref="13165552490"/>
  <nd ref="13165552491"/>
  <nd ref="13165552492"/>
  <tag k="highway" v="unclassified"/>
 </way>
 <relation id="6818098" visible="true" version="41" changeset="176151703" timestamp="2025-12-19T18:04:23Z" user="aaei924" uid="10626814">
  <member type="relation" ref="6818097" role=""/>
  <member type="relation" ref="6820036" role=""/>
  <member type="relation" ref="6947206" role=""/>
  <member type="relation" ref="6947208" role=""/>
  <member type="relation" ref="6947207" role=""/>
  <member type="relation" ref="6959719" role=""/>
  <member type="relation" ref="6959720" role=""/>
  <member type="relation" ref="11999440" role=""/>
  <member type="relation" ref="6729349" role=""/>
  <member type="relation" ref="6947210" role=""/>
  <member type="relation" ref="6955531" role=""/>
  <member type="relation" ref="6952267" role=""/>
  <member type="relation" ref="8152474" role=""/>
  <member type="relation" ref="12424024" role=""/>
  <member type="relation" ref="18417896" role=""/>
  <member type="relation" ref="7876414" role=""/>
  <member type="relation" ref="6952269" role=""/>
  <member type="relation" ref="18417895" role=""/>
  <member type="relation" ref="6902745" role=""/>
  <member type="relation" ref="10665554" role=""/>
  <member type="relation" ref="8704222" role=""/>
  <member type="relation" ref="6962778" role=""/>
  <member type="relation" ref="6947202" role=""/>
  <member type="relation" ref="6902744" role=""/>
  <member type="relation" ref="7876567" role=""/>
  <member type="relation" ref="6947209" role=""/>
  <member type="relation" ref="12226986" role=""/>
  <member type="relation" ref="19802254" role=""/>
  <member type="relation" ref="7886282" role=""/>
  <member type="relation" ref="6903346" role=""/>
  <member type="relation" ref="7873770" role=""/>
  <member type="relation" ref="6962776" role=""/>
  <member type="relation" ref="6955528" role=""/>
  <member type="relation" ref="6947204" role=""/>
  <member type="relation" ref="6947203" role=""/>
  <member type="relation" ref="6952268" role=""/>
  <member type="relation" ref="6962775" role=""/>
  <member type="relation" ref="6769317" role=""/>
  <member type="relation" ref="6959718" role=""/>
  <member type="relation" ref="6962777" role=""/>
  <member type="relation" ref="6952266" role=""/>
  <member type="relation" ref="4424719" role=""/>
  <member type="relation" ref="6955530" role=""/>
  <member type="relation" ref="6955529" role=""/>
  <member type="relation" ref="4424980" role=""/>
  <member type="relation" ref="6962937" role=""/>
  <member type="relation" ref="6952271" role=""/>
  <member type="relation" ref="7908637" role=""/>
  <member type="relation" ref="13985364" role=""/>
  <tag k="name" v="대한민국의 고속국도"/>
  <tag k="name:en" v="National Expressways of South Korea"/>
  <tag k="name:ko" v="대한민국의 고속국도"/>
  <tag k="name:ko-Hani" v="大韓民國 高速國道"/>
  <tag k="name:zh" v="大韓民國高速公路"/>
  <tag k="name:zh-Hans" v="大韩民国高速公路"/>
  <tag k="name:zh-Hant" v="大韓民國高速公路"/>
  <tag k="network" v="KR:expressway"/>
  <tag k="type" v="network"/>
  <tag k="wikidata" v="Q47012"/>
  <tag k="wikipedia" v="ko:대한민국의 고속도로"/>
 </relation>
 <relation id="6952271" visible="true" version="109" changeset="175596442" timestamp="2025-12-06T18:19:35Z" user="aaei924" uid="10626814">
  <member type="way" ref="674065207" role=""/>
  <member type="way" ref="674065206" role=""/>
  <member type="way" ref="484210205" role=""/>
  <member type="way" ref="483345053" role=""/>
  <member type="way" ref="484302142" role=""/>
  <member type="way" ref="677274339" role=""/>
  <member type="way" ref="484302144" role=""/>
  <member type="way" ref="546115545" role=""/>
  <member type="way" ref="546115551" role=""/>
  <member type="way" ref="546115550" role=""/>
  <member type="way" ref="546115547" role=""/>
  <member type="way" ref="484302145" role=""/>
  <member type="way" ref="888348137" role=""/>
  <member type="way" ref="531972876" role=""/>
  <member type="way" ref="1190751332" role=""/>
  <member type="way" ref="484302146" role=""/>
  <member type="way" ref="484302147" role=""/>
  <member type="way" ref="484302149" role=""/>
  <member type="way" ref="1190751344" role=""/>
  <member type="way" ref="1190751343" role=""/>
  <member type="way" ref="1190751341" role=""/>
  <member type="way" ref="1190751339" role=""/>
  <member type="way" ref="1190751337" role=""/>
  <member type="way" ref="1190751335" role=""/>
  <member type="way" ref="662870251" role=""/>
  <member type="way" ref="749677684" role=""/>
  <member type="way" ref="749677681" role=""/>
  <member type="way" ref="749677683" role=""/>
  <member type="way" ref="666418573" role=""/>
  <member type="way" ref="666418572" role=""/>
  <member type="way" ref="749677842" role=""/>
  <member type="way" ref="749677840" role=""/>
  <member type="way" ref="1190751346" role=""/>
  <member type="way" ref="830730143" role=""/>
  <member type="way" ref="830730142" role=""/>
  <member type="way" ref="669380411" role=""/>
  <member type="way" ref="669380416" role=""/>
  <member type="way" ref="669380417" role=""/>
  <member type="way" ref="669380420" role=""/>
  <member type="way" ref="1155370251" role=""/>
  <member type="way" ref="1155370250" role=""/>
  <member type="way" ref="665753220" role=""/>
  <member type="way" ref="947550852" role=""/>
  <member type="way" ref="947550853" role=""/>
  <member type="way" ref="669382310" role=""/>
  <member type="way" ref="669382301" role=""/>
  <member type="way" ref="947550837" role=""/>
  <member type="way" ref="947550838" role=""/>
  <member type="way" ref="1161573709" role=""/>
  <member type="way" ref="1161573710" role=""/>
  <member type="way" ref="665753221" role=""/>
  <member type="way" ref="795296626" role=""/>
  <member type="way" ref="1190751331" role=""/>
  <member type="way" ref="1190751329" role=""/>
  <member type="way" ref="795296627" role=""/>
  <member type="way" ref="761384905" role=""/>
  <member type="way" ref="930831419" role=""/>
  <member type="way" ref="1149667498" role=""/>
  <member type="way" ref="1149667497" role=""/>
  <member type="way" ref="1183381415" role=""/>
  <member type="way" ref="1183381416" role=""/>
  <member type="way" ref="1093334076" role=""/>
  <member type="way" ref="1093334078" role=""/>
  <member type="way" ref="1183381398" role=""/>
  <member type="way" ref="1183381409" role=""/>
  <member type="way" ref="1183381407" role=""/>
  <member type="way" ref="1183381405" role=""/>
  <member type="way" ref="1183381400" role=""/>
  <member type="way" ref="1183381403" role=""/>
  <member type="way" ref="759987731" role=""/>
  <member type="way" ref="504905017" role=""/>
  <member type="way" ref="771290698" role=""/>
  <member type="way" ref="1115987120" role=""/>
  <member type="way" ref="504905010" role=""/>
  <member type="way" ref="1115987116" role=""/>
  <member type="way" ref="504905009" role=""/>
  <member type="way" ref="839300212" role=""/>
  <member type="way" ref="1115987117" role=""/>
  <member type="way" ref="839300213" role=""/>
  <member type="way" ref="596420235" role=""/>
  <member type="way" ref="596420234" role=""/>
  <member type="way" ref="680294165" role=""/>
  <member type="way" ref="680294166" role=""/>
  <member type="way" ref="770977575" role=""/>
  <member type="way" ref="1222700232" role=""/>
  <member type="way" ref="759980724" role=""/>
  <member type="way" ref="759980726" role=""/>
  <member type="way" ref="759980722" role=""/>
  <member type="way" ref="1051968018" role=""/>
  <member type="way" ref="1097456295" role=""/>
  <member type="way" ref="1097456293" role=""/>
  <member type="way" ref="1097456292" role=""/>
  <member type="way" ref="1097456289" role=""/>
  <member type="way" ref="1051968024" role=""/>
  <member type="way" ref="1246798632" role=""/>
  <member type="way" ref="1246798633" role=""/>
  <member type="way" ref="1246798637" role=""/>
  <member type="way" ref="1246798638" role=""/>
  <member type="way" ref="1051968022" role=""/>
  <member type="way" ref="1212995546" role=""/>
  <member type="way" ref="1246798642" role=""/>
  <member type="way" ref="1246798643" role=""/>
  <member type="way" ref="1212995545" role=""/>
  <member type="way" ref="1212995543" role=""/>
  <member type="way" ref="1212995542" role=""/>
  <member type="way" ref="1051968021" role=""/>
  <member type="way" ref="1247068038" role=""/>
  <member type="way" ref="1247068039" role=""/>
  <member type="way" ref="759980720" role=""/>
  <member type="way" ref="1213783033" role=""/>
  <member type="way" ref="1213783032" role=""/>
  <member type="way" ref="1246798663" role=""/>
  <member type="way" ref="1246798662" role=""/>
  <member type="way" ref="1183348679" role=""/>
  <member type="way" ref="1183348683" role=""/>
  <member type="way" ref="1183348684" role=""/>
  <member type="way" ref="1246798657" role=""/>
  <member type="way" ref="1246798658" role=""/>
  <member type="way" ref="1257360948" role=""/>
  <member type="way" ref="1257360949" role=""/>
  <member type="way" ref="1183348686" role=""/>
  <member type="way" ref="1183348693" role=""/>
  <member type="way" ref="1183348692" role=""/>
  <member type="way" ref="1183348689" role=""/>
  <member type="way" ref="1183348703" role=""/>
  <member type="way" ref="1183348706" role=""/>
  <member type="way" ref="1183348677" role=""/>
  <member type="way" ref="1183348711" role=""/>
  <member type="way" ref="1183348710" role=""/>
  <member type="way" ref="1105156052" role=""/>
  <member type="way" ref="1105156050" role=""/>
  <member type="way" ref="1183348715" role=""/>
  <member type="way" ref="1183348714" role=""/>
  <member type="way" ref="1105156047" role=""/>
  <member type="way" ref="1105156045" role=""/>
  <member type="way" ref="1062559163" role=""/>
  <member type="way" ref="1095379332" role=""/>
  <member type="way" ref="1302503732" role=""/>
  <member type="way" ref="1095379333" role=""/>
  <member type="way" ref="1051968010" role=""/>
  <member type="way" ref="1062559160" role=""/>
  <member type="way" ref="1062559158" role=""/>
  <member type="way" ref="1095379339" role=""/>
  <member type="way" ref="1095379338" role=""/>
  <member type="way" ref="1051966994" role=""/>
  <member type="way" ref="1051968012" role=""/>
  <member type="way" ref="1126614555" role=""/>
  <member type="way" ref="1051967015" role=""/>
  <member type="way" ref="1051967020" role=""/>
  <member type="way" ref="1051967017" role=""/>
  <member type="way" ref="1051967023" role=""/>
  <member type="way" ref="1051967024" role=""/>
  <member type="way" ref="1149667499" role=""/>
  <member type="way" ref="1149667500" role=""/>
  <member type="way" ref="930831420" role=""/>
  <member type="way" ref="761384908" role=""/>
  <member type="way" ref="761384907" role=""/>
  <member type="way" ref="1190751328" role=""/>
  <member type="way" ref="1190751330" role=""/>
  <member type="way" ref="795296629" role=""/>
  <member type="way" ref="795296628" role=""/>
  <member type="way" ref="1161573712" role=""/>
  <member type="way" ref="1161573711" role=""/>
  <member type="way" ref="947550840" role=""/>
  <member type="way" ref="947550839" role=""/>
  <member type="way" ref="669382303" role=""/>
  <member type="way" ref="669382307" role=""/>
  <member type="way" ref="947550851" role=""/>
  <member type="way" ref="947550850" role=""/>
  <member type="way" ref="665753222" role=""/>
  <member type="way" ref="1155370248" role=""/>
  <member type="way" ref="1155370249" role=""/>
  <member type="way" ref="669380419" role=""/>
  <member type="way" ref="669380418" role=""/>
  <member type="way" ref="669380413" role=""/>
  <member type="way" ref="669380412" role=""/>
  <member type="way" ref="665753219" role=""/>
  <member type="way" ref="830730141" role=""/>
  <member type="way" ref="1190751347" role=""/>
  <member type="way" ref="830730140" role=""/>
  <member type="way" ref="749677839" role=""/>
  <member type="way" ref="749677841" role=""/>
  <member type="way" ref="666418577" role=""/>
  <member type="way" ref="666418574" role=""/>
  <member type="way" ref="749677682" role=""/>
  <member type="way" ref="749677680" role=""/>
  <member type="way" ref="749677685" role=""/>
  <member type="way" ref="1190751334" role=""/>
  <member type="way" ref="1190751336" role=""/>
  <member type="way" ref="1190751338" role=""/>
  <member type="way" ref="1190751340" role=""/>
  <member type="way" ref="1190751342" role=""/>
  <member type="way" ref="1190751345" role=""/>
  <member type="way" ref="484303143" role=""/>
  <member type="way" ref="484303144" role=""/>
  <member type="way" ref="484303140" role=""/>
  <member type="way" ref="484303141" role=""/>
  <member type="way" ref="1190751333" role=""/>
  <member type="way" ref="888348136" role=""/>
  <member type="way" ref="484303142" role=""/>
  <member type="way" ref="546115548" role=""/>
  <member type="way" ref="546115549" role=""/>
  <member type="way" ref="546115544" role=""/>
  <member type="way" ref="484303139" role=""/>
  <member type="way" ref="677274338" role=""/>
  <member type="way" ref="788463370" role=""/>
  <member type="way" ref="677274340" role=""/>
  <member type="way" ref="71502986" role=""/>
  <member type="way" ref="788463367" role=""/>
  <member type="way" ref="930831411" role=""/>
  <member type="way" ref="759988667" role=""/>
  <member type="way" ref="1090694898" role=""/>
  <member type="way" ref="1032435020" role=""/>
  <member type="way" ref="1032435021" role=""/>
  <member type="way" ref="882656897" role=""/>
  <member type="way" ref="1032435018" role=""/>
  <member type="way" ref="1032435017" role=""/>
  <member type="way" ref="928875932" role=""/>
  <member type="way" ref="928875931" role=""/>
  <member type="way" ref="1088766517" role=""/>
  <member type="way" ref="546253904" role=""/>
  <member type="way" ref="559513946" role=""/>
  <member type="way" ref="559513950" role=""/>
  <member type="way" ref="559513931" role=""/>
  <member type="way" ref="559513936" role=""/>
  <member type="way" ref="481217483" role=""/>
  <member type="way" ref="481217484" role=""/>
  <member type="way" ref="575116957" role=""/>
  <member type="way" ref="575116956" role=""/>
  <member type="way" ref="300895659" role=""/>
  <member type="way" ref="575162529" role=""/>
  <member type="way" ref="575162522" role=""/>
  <member type="way" ref="666186799" role=""/>
  <member type="way" ref="666186797" role=""/>
  <member type="way" ref="938375508" role=""/>
  <member type="way" ref="938375509" role=""/>
  <member type="way" ref="666186795" role=""/>
  <member type="way" ref="938375511" role=""/>
  <member type="way" ref="938375510" role=""/>
  <member type="way" ref="828041627" role=""/>
  <member type="way" ref="828041626" role=""/>
  <member type="way" ref="938375495" role=""/>
  <member type="way" ref="938375494" role=""/>
  <member type="way" ref="550217014" role=""/>
  <member type="way" ref="935753398" role=""/>
  <member type="way" ref="935753399" role=""/>
  <member type="way" ref="1114915874" role=""/>
  <member type="way" ref="1114915876" role=""/>
  <member type="way" ref="935753397" role=""/>
  <member type="way" ref="935753409" role=""/>
  <member type="way" ref="1209908694" role=""/>
  <member type="way" ref="935753410" role=""/>
  <member type="way" ref="935753412" role=""/>
  <member type="way" ref="935753414" role=""/>
  <member type="way" ref="935753419" role=""/>
  <member type="way" ref="935753420" role=""/>
  <member type="way" ref="935753424" role=""/>
  <member type="way" ref="935753425" role=""/>
  <member type="way" ref="935753427" role=""/>
  <member type="way" ref="935753430" role=""/>
  <member type="way" ref="935753443" role=""/>
  <member type="way" ref="935753447" role=""/>
  <member type="way" ref="935753452" role=""/>
  <member type="way" ref="935753453" role=""/>
  <member type="way" ref="935753457" role=""/>
  <member type="way" ref="935753458" role=""/>
  <member type="way" ref="935753472" role=""/>
  <member type="way" ref="935753473" role=""/>
  <member type="way" ref="935753476" role=""/>
  <member type="way" ref="935753478" role=""/>
  <member type="way" ref="485376740" role=""/>
  <member type="way" ref="935753486" role=""/>
  <member type="way" ref="935753490" role=""/>
  <member type="way" ref="935753491" role=""/>
  <member type="way" ref="935753498" role=""/>
  <member type="way" ref="935753499" role=""/>
  <member type="way" ref="935753485" role=""/>
  <member type="way" ref="935753510" role=""/>
  <member type="way" ref="935753516" role=""/>
  <member type="way" ref="935753395" role=""/>
  <member type="way" ref="323215916" role=""/>
  <member type="way" ref="323215920" role=""/>
  <member type="way" ref="323215928" role=""/>
  <member type="way" ref="323215919" role=""/>
  <member type="way" ref="323215926" role=""/>
  <member type="way" ref="187993030" role=""/>
  <member type="way" ref="187993043" role=""/>
  <member type="way" ref="187993036" role=""/>
  <member type="way" ref="187993042" role=""/>
  <member type="way" ref="323215932" role=""/>
  <member type="way" ref="187993027" role=""/>
  <member type="way" ref="187993039" role=""/>
  <member type="way" ref="187993035" role=""/>
  <member type="way" ref="187993037" role=""/>
  <member type="way" ref="323260702" role=""/>
  <member type="way" ref="323260678" role=""/>
  <member type="way" ref="323260685" role=""/>
  <member type="way" ref="323260726" role=""/>
  <member type="way" ref="323260713" role=""/>
  <member type="way" ref="323260662" role=""/>
  <member type="way" ref="323260676" role=""/>
  <member type="way" ref="323260703" role=""/>
  <member type="way" ref="801005997" role=""/>
  <member type="way" ref="323260715" role=""/>
  <member type="way" ref="323260683" role=""/>
  <member type="way" ref="323260660" role=""/>
  <member type="way" ref="323260710" role=""/>
  <member type="way" ref="392174371" role=""/>
  <member type="way" ref="392174372" role=""/>
  <member type="way" ref="1185917470" role=""/>
  <member type="way" ref="406663241" role=""/>
  <member type="way" ref="406663239" role=""/>
  <member type="way" ref="323260663" role=""/>
  <member type="way" ref="1114904592" role=""/>
  <member type="way" ref="402768744" role=""/>
  <member type="way" ref="402768757" role=""/>
  <member type="way" ref="392174376" role=""/>
  <member type="way" ref="406628008" role=""/>
  <member type="way" ref="406628007" role=""/>
  <member type="way" ref="421138606" role=""/>
  <member type="way" ref="421138602" role=""/>
  <member type="way" ref="421138604" role=""/>
  <member type="way" ref="421138599" role=""/>
  <member type="way" ref="1006864284" role=""/>
  <member type="way" ref="1006864285" role=""/>
  <member type="way" ref="1041878961" role=""/>
  <member type="way" ref="1041878962" role=""/>
  <member type="way" ref="1006864279" role=""/>
  <member type="way" ref="1041878967" role=""/>
  <member type="way" ref="1041878969" role=""/>
  <member type="way" ref="1041878970" role=""/>
  <member type="way" ref="1041878972" role=""/>
  <member type="way" ref="1041878974" role=""/>
  <member type="way" ref="1041878980" role=""/>
  <member type="way" ref="1041878982" role=""/>
  <member type="way" ref="1041878984" role=""/>
  <member type="way" ref="1041878986" role=""/>
  <member type="way" ref="1041878988" role=""/>
  <member type="way" ref="1041878989" role=""/>
  <member type="way" ref="1041879006" role=""/>
  <member type="way" ref="1041879010" role=""/>
  <member type="way" ref="1041879013" role=""/>
  <member type="way" ref="1041879014" role=""/>
  <member type="way" ref="1041879002" role=""/>
  <member type="way" ref="1041879003" role=""/>
  <member type="way" ref="1041879021" role=""/>
  <member type="way" ref="1041879022" role=""/>
  <member type="way" ref="1041879024" role=""/>
  <member type="way" ref="1041879025" role=""/>
  <member type="way" ref="1049558277" role=""/>
  <member type="way" ref="968537875" role=""/>
  <member type="way" ref="1041879031" role=""/>
  <member type="way" ref="1041879033" role=""/>
  <member type="way" ref="1041879035" role=""/>
  <member type="way" ref="1041879037" role=""/>
  <member type="way" ref="1041879039" role=""/>
  <member type="way" ref="1041879041" role=""/>
  <member type="way" ref="1041879043" role=""/>
  <member type="way" ref="1041879045" role=""/>
  <member type="way" ref="1041879047" role=""/>
  <member type="way" ref="228330840" role=""/>
  <member type="way" ref="1049558279" role=""/>
  <member type="way" ref="1049558278" role=""/>
  <member type="way" ref="1041879051" role=""/>
  <member type="way" ref="1041879057" role=""/>
  <member type="way" ref="1041879060" role=""/>
  <member type="way" ref="1041879063" role=""/>
  <member type="way" ref="1041879066" role=""/>
  <member type="way" ref="1041879081" role=""/>
  <member type="way" ref="1041879083" role=""/>
  <member type="way" ref="1041879085" role=""/>
  <member type="way" ref="1041879087" role=""/>
  <member type="way" ref="1041879088" role=""/>
  <member type="way" ref="1041879089" role=""/>
  <member type="way" ref="1041879093" role=""/>
  <member type="way" ref="1041879095" role=""/>
  <member type="way" ref="1041879096" role=""/>
  <member type="way" ref="1041879099" role=""/>
  <member type="way" ref="1041879101" role=""/>
  <member type="way" ref="1041879102" role=""/>
  <member type="way" ref="1041879105" role=""/>
  <member type="way" ref="1041879107" role=""/>
  <member type="way" ref="1041879108" role=""/>
  <member type="way" ref="1041879111" role=""/>
  <member type="way" ref="1041879113" role=""/>
  <member type="way" ref="1041879115" role=""/>
  <member type="way" ref="1047409803" role=""/>
  <member type="way" ref="1047409805" role=""/>
  <member type="way" ref="619922443" role=""/>
  <member type="way" ref="1041879119" role=""/>
  <member type="way" ref="1041879128" role=""/>
  <member type="way" ref="1041879131" role=""/>
  <member type="way" ref="1041879117" role=""/>
  <member type="way" ref="1049558291" role=""/>
  <member type="way" ref="1049558294" role=""/>
  <member type="way" ref="1041879123" role=""/>
  <member type="way" ref="1047407015" role=""/>
  <member type="way" ref="930831417" role=""/>
  <member type="way" ref="305398721" role=""/>
  <member type="way" ref="974394649" role=""/>
  <member type="way" ref="305398726" role=""/>
  <member type="way" ref="974394648" role=""/>
  <member type="way" ref="305398709" role=""/>
  <member type="way" ref="305398712" role=""/>
  <member type="way" ref="790715509" role=""/>
  <member type="way" ref="800973060" role=""/>
  <member type="way" ref="961550044" role=""/>
  <member type="way" ref="961550043" role=""/>
  <member type="way" ref="961186886" role=""/>
  <member type="way" ref="961186889" role=""/>
  <member type="way" ref="47411720" role=""/>
  <member type="way" ref="305400777" role=""/>
  <member type="way" ref="697586356" role=""/>
  <member type="way" ref="697586358" role=""/>
  <member type="way" ref="305400778" role=""/>
  <member type="way" ref="305400772" role=""/>
  <member type="way" ref="1214766352" role=""/>
  <member type="way" ref="563882155" role=""/>
  <member type="way" ref="1175559324" role=""/>
  <member type="way" ref="1051967002" role=""/>
  <member type="way" ref="1051966996" role=""/>
  <member type="way" ref="1051967005" role=""/>
  <member type="way" ref="1051967004" role=""/>
  <member type="way" ref="1051966998" role=""/>
  <member type="way" ref="1091831061" role=""/>
  <member type="way" ref="1091831060" role=""/>
  <member type="way" ref="1051968015" role=""/>
  <member type="way" ref="1051967008" role=""/>
  <member type="way" ref="1051968013" role=""/>
  <member type="way" ref="1051967010" role=""/>
  <member type="way" ref="1051967012" role=""/>
  <member type="way" ref="1041339787" role=""/>
  <member type="way" ref="1158971189" role=""/>
  <member type="way" ref="1158971190" role=""/>
  <member type="way" ref="1051967026" role=""/>
  <member type="way" ref="839300211" role=""/>
  <member type="way" ref="1115987118" role=""/>
  <member type="way" ref="504905012" role=""/>
  <member type="way" ref="504905011" role=""/>
  <member type="way" ref="1115987115" role=""/>
  <member type="way" ref="771290700" role=""/>
  <member type="way" ref="1115987119" role=""/>
  <member type="way" ref="504905020" role=""/>
  <member type="way" ref="504905019" role=""/>
  <member type="way" ref="504905004" role=""/>
  <member type="way" ref="1013467088" role=""/>
  <member type="way" ref="1013467087" role=""/>
  <member type="way" ref="1054964073" role=""/>
  <member type="way" ref="1097446252" role=""/>
  <member type="way" ref="1097446251" role=""/>
  <member type="way" ref="1054964074" role=""/>
  <member type="way" ref="1054964076" role=""/>
  <member type="way" ref="1077417513" role=""/>
  <member type="way" ref="1054964078" role=""/>
  <member type="way" ref="1077417514" role=""/>
  <member type="way" ref="1054964080" role=""/>
  <member type="way" ref="1054964081" role=""/>
  <member type="way" ref="1054964084" role=""/>
  <member type="way" ref="1054964086" role=""/>
  <member type="way" ref="1180003484" role=""/>
  <member type="way" ref="1180003485" role=""/>
  <member type="way" ref="1054964088" role=""/>
  <member type="way" ref="1054964089" role=""/>
  <member type="way" ref="1054964092" role=""/>
  <member type="way" ref="1111706795" role=""/>
  <member type="way" ref="1054964096" role=""/>
  <member type="way" ref="1111706797" role=""/>
  <member type="way" ref="1054964094" role=""/>
  <member type="way" ref="1054964098" role=""/>
  <member type="way" ref="930831418" role=""/>
  <member type="way" ref="305398708" role=""/>
  <member type="way" ref="974394650" role=""/>
  <member type="way" ref="305398711" role=""/>
  <member type="way" ref="305398714" role=""/>
  <member type="way" ref="790715510" role=""/>
  <member type="way" ref="790715507" role=""/>
  <member type="way" ref="800973057" role=""/>
  <member type="way" ref="961550045" role=""/>
  <member type="way" ref="961550042" role=""/>
  <member type="way" ref="961186888" role=""/>
  <member type="way" ref="305400775" role=""/>
  <member type="way" ref="697586355" role=""/>
  <member type="way" ref="697586357" role=""/>
  <member type="way" ref="305400774" role=""/>
  <member type="way" ref="305400780" role=""/>
  <member type="way" ref="563882153" role=""/>
  <member type="way" ref="1214766351" role=""/>
  <member type="way" ref="759980721" role=""/>
  <member type="way" ref="1302501501" role=""/>
  <member type="way" ref="1051967003" role=""/>
  <member type="way" ref="1051967006" role=""/>
  <member type="way" ref="1051967007" role=""/>
  <member type="way" ref="1051966997" role=""/>
  <member type="way" ref="1051966999" role=""/>
  <member type="way" ref="1091831062" role=""/>
  <member type="way" ref="1091831063" role=""/>
  <member type="way" ref="1051968016" role=""/>
  <member type="way" ref="1051967009" role=""/>
  <member type="way" ref="1051968014" role=""/>
  <member type="way" ref="1051967011" role=""/>
  <member type="way" ref="1051967013" role=""/>
  <member type="way" ref="1041339788" role=""/>
  <member type="way" ref="1158971187" role=""/>
  <member type="way" ref="1158971188" role=""/>
  <member type="way" ref="1051967027" role=""/>
  <member type="way" ref="1051967025" role=""/>
  <member type="way" ref="1051967022" role=""/>
  <member type="way" ref="1051967016" role=""/>
  <member type="way" ref="1051967021" role=""/>
  <member type="way" ref="1051967014" role=""/>
  <member type="way" ref="1126614556" role=""/>
  <member type="way" ref="1051968011" role=""/>
  <member type="way" ref="1051966995" role=""/>
  <member type="way" ref="1095379337" role=""/>
  <member type="way" ref="1095379340" role=""/>
  <member type="way" ref="1051968009" role=""/>
  <member type="way" ref="1062559159" role=""/>
  <member type="way" ref="1062559157" role=""/>
  <member type="way" ref="1095379334" role=""/>
  <member type="way" ref="1302503733" role=""/>
  <member type="way" ref="1062559161" role=""/>
  <member type="way" ref="1062559164" role=""/>
  <member type="way" ref="1105156046" role=""/>
  <member type="way" ref="1105156048" role=""/>
  <member type="way" ref="1183348712" role=""/>
  <member type="way" ref="1183348713" role=""/>
  <member type="way" ref="1105156049" role=""/>
  <member type="way" ref="1105156051" role=""/>
  <member type="way" ref="1183348678" role=""/>
  <member type="way" ref="1183348709" role=""/>
  <member type="way" ref="1183348708" role=""/>
  <member type="way" ref="1183348705" role=""/>
  <member type="way" ref="1183348704" role=""/>
  <member type="way" ref="1183348688" role=""/>
  <member type="way" ref="1183348690" role=""/>
  <member type="way" ref="1183348691" role=""/>
  <member type="way" ref="1183348687" role=""/>
  <member type="way" ref="1257360947" role=""/>
  <member type="way" ref="1257360946" role=""/>
  <member type="way" ref="1246798659" role=""/>
  <member type="way" ref="1246798656" role=""/>
  <member type="way" ref="1183348682" role=""/>
  <member type="way" ref="1183348681" role=""/>
  <member type="way" ref="1183348680" role=""/>
  <member type="way" ref="1246798660" role=""/>
  <member type="way" ref="1246798661" role=""/>
  <member type="way" ref="1213783030" role=""/>
  <member type="way" ref="1213783031" role=""/>
  <member type="way" ref="47411719" role=""/>
  <member type="way" ref="1247068037" role=""/>
  <member type="way" ref="1247068036" role=""/>
  <member type="way" ref="1051968020" role=""/>
  <member type="way" ref="1212995540" role=""/>
  <member type="way" ref="1212995541" role=""/>
  <member type="way" ref="1212995544" role=""/>
  <member type="way" ref="1246798641" role=""/>
  <member type="way" ref="1246798640" role=""/>
  <member type="way" ref="1212995547" role=""/>
  <member type="way" ref="1051968023" role=""/>
  <member type="way" ref="1246798639" role=""/>
  <member type="way" ref="1246798636" role=""/>
  <member type="way" ref="1246798635" role=""/>
  <member type="way" ref="1246798634" role=""/>
  <member type="way" ref="1051968025" role=""/>
  <member type="way" ref="1097456290" role=""/>
  <member type="way" ref="1097456291" role=""/>
  <member type="way" ref="1097456294" role=""/>
  <member type="way" ref="1097456296" role=""/>
  <member type="way" ref="1051968019" role=""/>
  <member type="way" ref="1445406074" role=""/>
  <member type="way" ref="1445406075" role=""/>
  <member type="way" ref="1445406076" role=""/>
  <member type="way" ref="759980725" role=""/>
  <member type="way" ref="759980723" role=""/>
  <member type="way" ref="504905008" role=""/>
  <member type="way" ref="770977574" role=""/>
  <member type="way" ref="771290712" role=""/>
  <member type="way" ref="680294162" role=""/>
  <member type="way" ref="596420236" role=""/>
  <member type="way" ref="596420237" role=""/>
  <member type="way" ref="839300210" role=""/>
  <member type="way" ref="1041879122" role=""/>
  <member type="way" ref="1049558292" role=""/>
  <member type="way" ref="1049558293" role=""/>
  <member type="way" ref="1041879116" role=""/>
  <member type="way" ref="1041879130" role=""/>
  <member type="way" ref="1041879129" role=""/>
  <member type="way" ref="1041879118" role=""/>
  <member type="way" ref="619922444" role=""/>
  <member type="way" ref="1047409806" role=""/>
  <member type="way" ref="1047409804" role=""/>
  <member type="way" ref="1041879114" role=""/>
  <member type="way" ref="1041879112" role=""/>
  <member type="way" ref="1041879110" role=""/>
  <member type="way" ref="1041879109" role=""/>
  <member type="way" ref="1041879106" role=""/>
  <member type="way" ref="1041879104" role=""/>
  <member type="way" ref="1041879103" role=""/>
  <member type="way" ref="1041879100" role=""/>
  <member type="way" ref="1041879098" role=""/>
  <member type="way" ref="1041879097" role=""/>
  <member type="way" ref="1041879094" role=""/>
  <member type="way" ref="1041879092" role=""/>
  <member type="way" ref="1041879091" role=""/>
  <member type="way" ref="1041879090" role=""/>
  <member type="way" ref="1041879086" role=""/>
  <member type="way" ref="1041879084" role=""/>
  <member type="way" ref="1041879082" role=""/>
  <member type="way" ref="1041879080" role=""/>
  <member type="way" ref="1041879065" role=""/>
  <member type="way" ref="1041879064" role=""/>
  <member type="way" ref="1041879059" role=""/>
  <member type="way" ref="1041879058" role=""/>
  <member type="way" ref="1041879050" role=""/>
  <member type="way" ref="1049558280" role=""/>
  <member type="way" ref="1049558281" role=""/>
  <member type="way" ref="228330841" role=""/>
  <member type="way" ref="1041879046" role=""/>
  <member type="way" ref="1041879044" role=""/>
  <member type="way" ref="1041879042" role=""/>
  <member type="way" ref="1041879040" role=""/>
  <member type="way" ref="1041879038" role=""/>
  <member type="way" ref="1041879036" role=""/>
  <member type="way" ref="1041879034" role=""/>
  <member type="way" ref="1041879032" role=""/>
  <member type="way" ref="1041879030" role=""/>
  <member type="way" ref="1041879029" role=""/>
  <member type="way" ref="1041879026" role=""/>
  <member type="way" ref="1041879023" role=""/>
  <member type="way" ref="1041879020" role=""/>
  <member type="way" ref="1041879019" role=""/>
  <member type="way" ref="1041879004" role=""/>
  <member type="way" ref="1041879001" role=""/>
  <member type="way" ref="1041879012" role=""/>
  <member type="way" ref="1041879011" role=""/>
  <member type="way" ref="1041879009" role=""/>
  <member type="way" ref="1041879005" role=""/>
  <member type="way" ref="1041878990" role=""/>
  <member type="way" ref="1041878987" role=""/>
  <member type="way" ref="1041878985" role=""/>
  <member type="way" ref="1041878983" role=""/>
  <member type="way" ref="1041878981" role=""/>
  <member type="way" ref="1041878979" role=""/>
  <member type="way" ref="1041878973" role=""/>
  <member type="way" ref="1041878971" role=""/>
  <member type="way" ref="1041339181" role=""/>
  <member type="way" ref="1041878968" role=""/>
  <member type="way" ref="1041878965" role=""/>
  <member type="way" ref="1041878964" role=""/>
  <member type="way" ref="1041878963" role=""/>
  <member type="way" ref="1041878960" role=""/>
  <member type="way" ref="1006864283" role=""/>
  <member type="way" ref="1006864282" role=""/>
  <member type="way" ref="552976499" role=""/>
  <member type="way" ref="421138603" role=""/>
  <member type="way" ref="421138601" role=""/>
  <member type="way" ref="421138600" role=""/>
  <member type="way" ref="421138605" role=""/>
  <member type="way" ref="406628006" role=""/>
  <member type="way" ref="406628009" role=""/>
  <member type="way" ref="392174374" role=""/>
  <member type="way" ref="402768752" role=""/>
  <member type="way" ref="402768748" role=""/>
  <member type="way" ref="1114904593" role=""/>
  <member type="way" ref="60813379" role=""/>
  <member type="way" ref="406663240" role=""/>
  <member type="way" ref="406663242" role=""/>
  <member type="way" ref="392174375" role=""/>
  <member type="way" ref="1052211585" role=""/>
  <member type="way" ref="1052211586" role=""/>
  <member type="way" ref="392174373" role=""/>
  <member type="way" ref="323260667" role=""/>
  <member type="way" ref="323260727" role=""/>
  <member type="way" ref="323260664" role=""/>
  <member type="way" ref="323260700" role=""/>
  <member type="way" ref="323260706" role=""/>
  <member type="way" ref="323260698" role=""/>
  <member type="way" ref="323260687" role=""/>
  <member type="way" ref="323260661" role=""/>
  <member type="way" ref="323260717" role=""/>
  <member type="way" ref="323260719" role=""/>
  <member type="way" ref="323260708" role=""/>
  <member type="way" ref="323260681" role=""/>
  <member type="way" ref="323260665" role=""/>
  <member type="way" ref="323260691" role=""/>
  <member type="way" ref="187993026" role=""/>
  <member type="way" ref="187993040" role=""/>
  <member type="way" ref="187993029" role=""/>
  <member type="way" ref="187993041" role=""/>
  <member type="way" ref="323215930" role=""/>
  <member type="way" ref="187993032" role=""/>
  <member type="way" ref="187993044" role=""/>
  <member type="way" ref="187993025" role=""/>
  <member type="way" ref="187993023" role=""/>
  <member type="way" ref="323215922" role=""/>
  <member type="way" ref="323215931" role=""/>
  <member type="way" ref="323215923" role=""/>
  <member type="way" ref="772813023" role=""/>
  <member type="way" ref="323215917" role=""/>
  <member type="way" ref="935753396" role=""/>
  <member type="way" ref="935753515" role=""/>
  <member type="way" ref="1106283051" role=""/>
  <member type="way" ref="935753511" role=""/>
  <member type="way" ref="935753487" role=""/>
  <member type="way" ref="1346384034" role=""/>
  <member type="way" ref="1106303239" role=""/>
  <member type="way" ref="935753497" role=""/>
  <member type="way" ref="935753492" role=""/>
  <member type="way" ref="935753489" role=""/>
  <member type="way" ref="935753488" role=""/>
  <member type="way" ref="885518662" role=""/>
  <member type="way" ref="935753477" role=""/>
  <member type="way" ref="935753475" role=""/>
  <member type="way" ref="935753474" role=""/>
  <member type="way" ref="935753471" role=""/>
  <member type="way" ref="885518678" role=""/>
  <member type="way" ref="935753456" role=""/>
  <member type="way" ref="935753455" role=""/>
  <member type="way" ref="935753454" role=""/>
  <member type="way" ref="935753451" role=""/>
  <member type="way" ref="935753446" role=""/>
  <member type="way" ref="1122613468" role=""/>
  <member type="way" ref="935753429" role=""/>
  <member type="way" ref="935753428" role=""/>
  <member type="way" ref="935753426" role=""/>
  <member type="way" ref="935753423" role=""/>
  <member type="way" ref="935753422" role=""/>
  <member type="way" ref="935753421" role=""/>
  <member type="way" ref="885518683" role=""/>
  <member type="way" ref="935753413" role=""/>
  <member type="way" ref="935753411" role=""/>
  <member type="way" ref="935753408" role=""/>
  <member type="way" ref="1209908693" role=""/>
  <member type="way" ref="885518658" role=""/>
  <member type="way" ref="885518657" role=""/>
  <member type="way" ref="935753401" role=""/>
  <member type="way" ref="935753400" role=""/>
  <member type="way" ref="603096863" role=""/>
  <member type="way" ref="938375492" role=""/>
  <member type="way" ref="938375493" role=""/>
  <member type="way" ref="834123810" role=""/>
  <member type="way" ref="834123809" role=""/>
  <member type="way" ref="938375512" role=""/>
  <member type="way" ref="938375513" role=""/>
  <member type="way" ref="575162540" role=""/>
  <member type="way" ref="938375507" role=""/>
  <member type="way" ref="938375506" role=""/>
  <member type="way" ref="666186792" role=""/>
  <member type="way" ref="666186796" role=""/>
  <member type="way" ref="666186798" role=""/>
  <member type="way" ref="575162534" role=""/>
  <member type="way" ref="550217015" role=""/>
  <member type="way" ref="575162516" role=""/>
  <member type="way" ref="575162511" role=""/>
  <member type="way" ref="550217016" role=""/>
  <member type="way" ref="481217481" role=""/>
  <member type="way" ref="481217482" role=""/>
  <member type="way" ref="559513927" role=""/>
  <member type="way" ref="559513922" role=""/>
  <member type="way" ref="559513941" role=""/>
  <member type="way" ref="559513943" role=""/>
  <member type="way" ref="930831410" role=""/>
  <member type="way" ref="1088766523" role=""/>
  <member type="way" ref="1032435022" role=""/>
  <member type="way" ref="1032435023" role=""/>
  <member type="way" ref="882656896" role=""/>
  <member type="way" ref="1032435016" role=""/>
  <member type="way" ref="1032435015" role=""/>
  <member type="way" ref="759988668" role=""/>
  <member type="way" ref="1047416200" role=""/>
  <member type="way" ref="1082835694" role=""/>
  <member type="way" ref="1082835692" role=""/>
  <member type="way" ref="1062559138" role=""/>
  <member type="way" ref="1329880528" role=""/>
  <member type="way" ref="1329880529" role=""/>
  <member type="way" ref="1062559137" role=""/>
  <member type="way" ref="1054964131" role=""/>
  <member type="way" ref="1062559132" role=""/>
  <member type="way" ref="1054964122" role=""/>
  <member type="way" ref="1054964124" role=""/>
  <member type="way" ref="1054964119" role=""/>
  <member type="way" ref="1054964115" role=""/>
  <member type="way" ref="1054964118" role=""/>
  <member type="way" ref="1054964113" role=""/>
  <member type="way" ref="1054964112" role=""/>
  <member type="way" ref="1082835688" role=""/>
  <member type="way" ref="1073335665" role=""/>
  <member type="way" ref="1073335666" role=""/>
  <member type="way" ref="1054964110" role=""/>
  <member type="way" ref="1082835669" role=""/>
  <member type="way" ref="1054964108" role=""/>
  <member type="way" ref="1082835674" role=""/>
  <member type="way" ref="1099812787" role=""/>
  <member type="way" ref="1099812788" role=""/>
  <member type="way" ref="1054964106" role=""/>
  <member type="way" ref="1099818154" role=""/>
  <member type="way" ref="1099818153" role=""/>
  <member type="way" ref="1082835680" role=""/>
  <member type="way" ref="1054964104" role=""/>
  <member type="way" ref="1073335653" role=""/>
  <member type="way" ref="1054964099" role=""/>
  <member type="way" ref="1054964102" role=""/>
  <member type="way" ref="1082835693" role=""/>
  <member type="way" ref="1062559136" role=""/>
  <member type="way" ref="1082835691" role=""/>
  <member type="way" ref="1062559139" role=""/>
  <member type="way" ref="1329880526" role=""/>
  <member type="way" ref="1329880527" role=""/>
  <member type="way" ref="1047416198" role=""/>
  <member type="way" ref="1054964132" role=""/>
  <member type="way" ref="1062559133" role=""/>
  <member type="way" ref="1054964121" role=""/>
  <member type="way" ref="1054964123" role=""/>
  <member type="way" ref="1054964120" role=""/>
  <member type="way" ref="1054964116" role=""/>
  <member type="way" ref="1054964117" role=""/>
  <member type="way" ref="1054964114" role=""/>
  <member type="way" ref="1054964111" role=""/>
  <member type="way" ref="1082835686" role=""/>
  <member type="way" ref="1073335663" role=""/>
  <member type="way" ref="1073335664" role=""/>
  <member type="way" ref="1054964109" role=""/>
  <member type="way" ref="1091132770" role=""/>
  <member type="way" ref="1082835668" role=""/>
  <member type="way" ref="1082835671" role=""/>
  <member type="way" ref="1082835672" role=""/>
  <member type="way" ref="1099812785" role=""/>
  <member type="way" ref="1099812786" role=""/>
  <member type="way" ref="1054964105" role=""/>
  <member type="way" ref="1099818156" role=""/>
  <member type="way" ref="1099818155" role=""/>
  <member type="way" ref="1082835679" role=""/>
  <member type="way" ref="1054964103" role=""/>
  <member type="way" ref="1073335654" role=""/>
  <member type="way" ref="1054964100" role=""/>
  <member type="way" ref="1054964101" role=""/>
  <member type="way" ref="1054964097" role=""/>
  <member type="way" ref="1054964093" role=""/>
  <member type="way" ref="1111706796" role=""/>
  <member type="way" ref="1054964095" role=""/>
  <member type="way" ref="1111706794" role=""/>
  <member type="way" ref="1054964091" role=""/>
  <member type="way" ref="1054964090" role=""/>
  <member type="way" ref="1054964087" role=""/>
  <member type="way" ref="1180003483" role=""/>
  <member type="way" ref="1180003482" role=""/>
  <member type="way" ref="1054964085" role=""/>
  <member type="way" ref="1054964083" role=""/>
  <member type="way" ref="1054964082" role=""/>
  <member type="way" ref="1054964079" role=""/>
  <member type="way" ref="1077417515" role=""/>
  <member type="way" ref="1054964077" role=""/>
  <member type="way" ref="1077417512" role=""/>
  <member type="way" ref="1054964075" role=""/>
  <member type="way" ref="1054964072" role=""/>
  <member type="way" ref="1097446253" role=""/>
  <member type="way" ref="1097446254" role=""/>
  <member type="way" ref="1054964071" role=""/>
  <member type="way" ref="1013467092" role=""/>
  <member type="way" ref="1013467091" role=""/>
  <member type="way" ref="504905018" role=""/>
  <member type="way" ref="1183381414" role=""/>
  <member type="way" ref="1183381417" role=""/>
  <member type="way" ref="1093334075" role=""/>
  <member type="way" ref="1093334077" role=""/>
  <member type="way" ref="1183381399" role=""/>
  <member type="way" ref="1183381408" role=""/>
  <member type="way" ref="1183381406" role=""/>
  <member type="way" ref="1183381404" role=""/>
  <member type="way" ref="1183381401" role=""/>
  <member type="way" ref="1183381402" role=""/>
  <member type="way" ref="759987734" role=""/>
  <tag k="alt_name:en" v="Expressway Capital Region Second Ring Line"/>
  <tag k="from" v="경기도 화성시 봉담읍"/>
  <tag k="name" v="고속국도 수도권제2순환선"/>
  <tag k="name:en" v="Expressway Sudogwon Je2sunhwan Line"/>
  <tag k="name:ko" v="고속국도 수도권제2순환선"/>
  <tag k="name:ko-Hani" v="高速國道 首都圈第二循環線"/>
  <tag k="name:ko-Latn" v="sudogwonje2sunhwangosogdolo"/>
  <tag k="name:zh" v="高速國道 首都圈二環線"/>
  <tag k="name:zh-Hans" v="高速国道 首都圈二环线"/>
  <tag k="name:zh-Hant" v="高速國道 首都圈二環線"/>
  <tag k="network" v="KR:expressway"/>
  <tag k="ref" v="400"/>
  <tag k="route" v="road"/>
  <tag k="to" v="경기도 화성시 방교동"/>
  <tag k="type" v="route"/>
  <tag k="wikidata" v="Q623869"/>
  <tag k="wikipedia" v="ko:수도권제2순환고속도로"/>
 </relation>
 <relation id="7527496" visible="true" version="34" changeset="178183677" timestamp="2026-02-06T11:50:09Z" user="Flamen_Sru" uid="13841144">
  <member type="node" ref="9687706176" role="stop"/>
  <member type="node" ref="9687706214" role="stop"/>
  <member type="node" ref="9687738052" role="stop"/>
  <member type="node" ref="9687738067" role="stop"/>
  <member type="node" ref="9687738080" role="stop"/>
  <member type="node" ref="9687738092" role="stop"/>
  <member type="node" ref="9687738114" role="stop"/>
  <member type="node" ref="9687738127" role="stop"/>
  <member type="node" ref="9687738137" role="stop"/>
  <member type="node" ref="9687738139" role="stop"/>
  <member type="node" ref="9687738148" role="stop"/>
  <member type="node" ref="9687738165" role="stop"/>
  <member type="node" ref="9687738178" role="stop"/>
  <member type="node" ref="9687738182" role="stop"/>
  <member type="node" ref="9687738198" role="stop"/>
  <member type="node" ref="9687738219" role="stop"/>
  <member type="node" ref="9687738228" role="stop"/>
  <member type="node" ref="9687738247" role="stop"/>
  <member type="node" ref="9687738259" role="stop"/>
  <member type="node" ref="9687738267" role="stop"/>
  <member type="node" ref="9687738275" role="stop"/>
  <member type="node" ref="9687738282" role="stop"/>
  <member type="node" ref="9687738288" role="stop"/>
  <member type="node" ref="9687738322" role="stop"/>
  <member type="node" ref="9687738325" role="stop"/>
  <member type="node" ref="9687738351" role="stop"/>
  <member type="node" ref="9687738381" role="stop"/>
  <member type="way" ref="1054178840" role=""/>
  <member type="way" ref="1054178844" role=""/>
  <member type="way" ref="1054178843" role=""/>
  <member type="way" ref="1054178845" role=""/>
  <member type="way" ref="1054178848" role=""/>
  <member type="way" ref="1054178850" role=""/>
  <member type="way" ref="1054178853" role=""/>
  <member type="way" ref="1054178854" role=""/>
  <member type="way" ref="1054178856" role=""/>
  <tag k="colour" v="#F4A462"/>
  <tag k="from" v="검단오류"/>
  <tag k="from:en" v="Geomdan Oryu"/>
  <tag k="name" v="인천 도시철도 2호선: 검단오류 → 운연"/>
  <tag k="name:en" v="Incheon Subway Line 2: Geomdan Oryu → Unyeon"/>
  <tag k="name:es" v="Línea 2 del metro de Incheon"/>
  <tag k="name:ko" v="인천 도시철도 2호선: 검단오류 → 운연"/>
  <tag k="network" v="수도권 전철;인천도시철도"/>
  <tag k="network:en" v="Seoul Metropolitan Subway System;Incheon Subway"/>
  <tag k="network:metro" v="incheon"/>
  <tag k="official_ref" v="인천 2호선"/>
  <tag k="operator" v="인천교통공사"/>
  <tag k="operator:en" v="Incheon Transit Corporation"/>
  <tag k="operator:wikidata" v="Q483883"/>
  <tag k="public_transport:version" v="2"/>
  <tag k="ref" v="I2"/>
  <tag k="ref:en" v="I2"/>
  <tag k="route" v="light_rail"/>
  <tag k="to" v="운연"/>
  <tag k="to:en" v="Unyeon"/>
  <tag k="type" v="route"/>
  <tag k="wikidata" v="Q484739"/>
  <tag k="wikipedia" v="en:Incheon Subway Line 2"/>
 </relation>
 <relation id="7527497" visible="true" version="32" changeset="178183732" timestamp="2026-02-06T11:51:23Z" user="Flamen_Sru" uid="13841144">
  <member type="node" ref="5340746436" role="stop"/>
  <member type="node" ref="4340428342" role="stop"/>
  <member type="node" ref="4340428329" role="stop"/>
  <member type="node" ref="4340428318" role="stop"/>
  <member type="node" ref="4340428315" role="stop"/>
  <member type="node" ref="4340428317" role="stop"/>
  <member type="node" ref="5809225534" role="stop"/>
  <member type="node" ref="4340428310" role="stop"/>
  <member type="node" ref="4340428307" role="stop"/>
  <member type="node" ref="4340428300" role="stop"/>
  <member type="node" ref="4340428295" role="stop"/>
  <member type="node" ref="4340427582" role="stop"/>
  <member type="node" ref="4340427579" role="stop"/>
  <member type="node" ref="4340427575" role="stop"/>
  <member type="node" ref="4340427574" role="stop"/>
  <member type="node" ref="4340427572" role="stop"/>
  <member type="node" ref="4340427570" role="stop"/>
  <member type="node" ref="4340427566" role="stop"/>
  <member type="node" ref="4340427562" role="stop"/>
  <member type="node" ref="5346946858" role="stop"/>
  <member type="node" ref="4340427505" role="stop"/>
  <member type="node" ref="4340427554" role="stop"/>
  <member type="node" ref="4340427552" role="stop"/>
  <member type="node" ref="4340427529" role="stop"/>
  <member type="node" ref="5204025137" role="stop"/>
  <member type="node" ref="4340427546" role="stop"/>
  <member type="node" ref="4340427551" role="stop"/>
  <member type="way" ref="1054178855" role=""/>
  <member type="way" ref="553214673" role=""/>
  <member type="way" ref="553214672" role=""/>
  <member type="way" ref="436165299" role=""/>
  <member type="way" ref="436165298" role=""/>
  <member type="way" ref="436165297" role=""/>
  <member type="way" ref="436165295" role=""/>
  <member type="way" ref="469981555" role=""/>
  <member type="way" ref="666418571" role=""/>
  <member type="way" ref="552479678" role=""/>
  <tag k="colour" v="#F4A462"/>
  <tag k="from" v="운연"/>
  <tag k="from:en" v="Unyeon"/>
  <tag k="name" v="인천 도시철도 2호선: 운연 → 검단오류"/>
  <tag k="name:en" v="Incheon Subway Line 2: Unyeon → Geomdan Oryu"/>
  <tag k="name:es" v="Línea 2 del metro de Incheon"/>
  <tag k="name:ko" v="인천 도시철도 2호선: 운연 → 검단오류"/>
  <tag k="network" v="수도권 전철;인천도시철도"/>
  <tag k="network:en" v="Seoul Metropolitan Subway System;Incheon Subway"/>
  <tag k="network:metro" v="incheon"/>
  <tag k="official_ref" v="인천 2호선"/>
  <tag k="operator" v="인천교통공사"/>
  <tag k="operator:en" v="Incheon Transit Corporation"/>
  <tag k="operator:wikidata" v="Q483883"/>
  <tag k="public_transport:version" v="2"/>
  <tag k="ref" v="I2"/>
  <tag k="ref:en" v="I2"/>
  <tag k="route" v="light_rail"/>
  <tag k="to:en" v="Geomdan Oryu"/>
  <tag k="type" v="route"/>
  <tag k="wikipedia" v="en:Incheon Subway Line 2"/>
 </relation>
 <relation id="7527498" visible="true" version="14" changeset="178752858" timestamp="2026-02-19T04:55:21Z" user="Sebasawk" uid="12511136">
  <member type="relation" ref="7527496" role=""/>
  <member type="relation" ref="7527497" role=""/>
  <tag k="colour" v="#F4A462"/>
  <tag k="name" v="인천 도시철도 2호선"/>
  <tag k="name:en" v="Incheon Subway Line 2"/>
  <tag k="name:es" v="Línea 2 del metro de Incheon"/>
  <tag k="name:ko" v="인천 도시철도 2호선"/>
  <tag k="network" v="수도권 전철;인천도시철도"/>
  <tag k="network:en" v="Seoul Metropolitan Subway System;Incheon Subway"/>
  <tag k="network:metro" v="incheon"/>
  <tag k="official_ref" v="인천 2"/>
  <tag k="operator" v="인천교통공사"/>
  <tag k="operator:en" v="Incheon Transit Corporation"/>
  <tag k="operator:wikidata" v="Q483883"/>
  <tag k="ref" v="I2"/>
  <tag k="ref:en" v="I2"/>
  <tag k="route_master" v="light_rail"/>
  <tag k="type" v="route_master"/>
 </relation>
 <relation id="7700706" visible="true" version="4" changeset="162048817" timestamp="2025-02-02T14:29:59Z" user="Wolframite74" uid="20102979">
  <member type="node" ref="4340427551" role=""/>
  <member type="node" ref="5021904958" role=""/>
  <member type="node" ref="5021904959" role=""/>
  <member type="node" ref="9687706173" role=""/>
  <member type="node" ref="9687706176" role=""/>
  <tag k="name" v="검단오류역"/>
  <tag k="name:en" v="Geomdan Oryu station"/>
  <tag k="public_transport" v="stop_area"/>
  <tag k="type" v="public_transport"/>
  <tag k="wikidata" v="Q20823454"/>
  <tag k="wikipedia" v="ko:검단오류역"/>
 </relation>
 <relation id="8520280" visible="true" version="55" changeset="178571084" timestamp="2026-02-15T07:49:24Z" user="Wolframite74" uid="20102979">
  <member type="node" ref="11412551355" role="stop_entry_only"/>
  <member type="node" ref="11379634432" role="platform_entry_only"/>
  <member type="node" ref="12549139571" role="stop"/>
  <member type="node" ref="11379633950" role="platform"/>
  <member type="node" ref="12551208270" role="stop"/>
  <member type="node" ref="11379638423" role="platform"/>
  <member type="node" ref="11379638726" role="platform"/>
  <member type="node" ref="12551208272" role="platform"/>
  <member type="node" ref="12551208274" role="stop"/>
  <member type="node" ref="11379636578" role="platform"/>
  <member type="node" ref="3955483406" role="stop"/>
  <member type="node" ref="11379638026" role="platform"/>
  <member type="node" ref="12551208276" role="stop"/>
  <member type="node" ref="11379638433" role="platform"/>
  <member type="node" ref="12551208279" role="stop"/>
  <member type="node" ref="11379635439" role="platform"/>
  <member type="node" ref="12551208280" role="stop"/>
  <member type="node" ref="11379638431" role="platform"/>
  <member type="node" ref="12551208283" role="stop"/>
  <member type="node" ref="11379637701" role="platform"/>
  <member type="node" ref="12551208285" role="stop"/>
  <member type="node" ref="11379634784" role="platform"/>
  <member type="node" ref="12551208291" role="stop"/>
  <member type="node" ref="11379635142" role="platform"/>
  <member type="node" ref="12551297903" role="stop"/>
  <member type="node" ref="11379638426" role="platform"/>
  <member type="node" ref="12551297907" role="platform"/>
  <member type="node" ref="12551297909" role="stop"/>
  <member type="node" ref="11379638441" role="platform"/>
  <member type="node" ref="12551297910" role="stop"/>
  <member type="node" ref="11379638453" role="platform"/>
  <member type="node" ref="12551297912" role="stop"/>
  <member type="node" ref="11379638456" role="platform"/>
  <member type="node" ref="12551297913" role="stop"/>
  <member type="node" ref="11379638450" role="platform"/>
  <member type="node" ref="2351268161" role="stop"/>
  <member type="node" ref="11379638422" role="platform"/>
  <member type="node" ref="12551297926" role="stop"/>
  <member type="node" ref="4755563044" role="platform"/>
  <member type="node" ref="12551297929" role="stop"/>
  <member type="node" ref="357929121" role="platform"/>
  <member type="node" ref="12551297931" role="stop"/>
  <member type="node" ref="4755563052" role="platform"/>
  <member type="node" ref="12551297933" role="stop"/>
  <member type="node" ref="357929368" role="platform"/>
  <member type="node" ref="357956152" role="platform"/>
  <member type="node" ref="12551297940" role="stop"/>
  <member type="node" ref="11379636742" role="platform"/>
  <member type="node" ref="13227894394" role="platform"/>
  <member type="node" ref="12551297943" role="stop"/>
  <member type="node" ref="11379637401" role="platform"/>
  <member type="node" ref="12552961796" role="platform"/>
  <member type="node" ref="13051833990" role="stop"/>
  <member type="node" ref="13009309312" role="platform"/>
  <member type="node" ref="12552969303" role="stop"/>
  <member type="node" ref="11379634403" role="platform"/>
  <member type="node" ref="12552969306" role="stop"/>
  <member type="node" ref="11379636917" role="platform"/>
  <member type="node" ref="12541002441" role="stop"/>
  <member type="node" ref="2473321943" role="platform"/>
  <member type="node" ref="12541002442" role="stop"/>
  <member type="node" ref="11147463503" role="platform"/>
  <member type="node" ref="12541002443" role="stop"/>
  <member type="node" ref="11147463500" role="platform"/>
  <member type="node" ref="12541002444" role="stop"/>
  <member type="node" ref="11147463489" role="platform"/>
  <member type="node" ref="12552969316" role="stop"/>
  <member type="node" ref="11379637682" role="platform"/>
  <member type="node" ref="12552969318" role="stop"/>
  <member type="node" ref="11379637681" role="platform"/>
  <member type="node" ref="2351268088" role="stop"/>
  <member type="node" ref="11379637687" role="platform"/>
  <member type="node" ref="12539243086" role="stop"/>
  <member type="node" ref="11147463476" role="platform"/>
  <member type="node" ref="12541002449" role="stop"/>
  <member type="node" ref="10154319772" role="platform"/>
  <member type="node" ref="618576883" role="stop"/>
  <member type="node" ref="10154319769" role="platform"/>
  <member type="node" ref="12539243082" role="stop"/>
  <member type="node" ref="10154319767" role="platform"/>
  <member type="node" ref="12552969320" role="stop"/>
  <member type="node" ref="8536412445" role="platform"/>
  <member type="node" ref="11393313931" role="stop"/>
  <member type="node" ref="10158747613" role="platform"/>
  <member type="node" ref="11395183102" role="stop"/>
  <member type="node" ref="10158747611" role="platform"/>
  <member type="node" ref="11395183103" role="stop"/>
  <member type="node" ref="10158747610" role="platform"/>
  <member type="node" ref="12553932365" role="platform"/>
  <member type="node" ref="12553932368" role="stop"/>
  <member type="node" ref="11379638227" role="platform"/>
  <member type="node" ref="12553932369" role="stop"/>
  <member type="node" ref="11379635590" role="platform"/>
  <member type="node" ref="12553932372" role="stop"/>
  <member type="node" ref="11379635809" role="platform"/>
  <member type="node" ref="12553932374" role="stop"/>
  <member type="node" ref="11379635044" role="platform"/>
  <member type="node" ref="11395183108" role="stop"/>
  <member type="node" ref="11379634027" role="platform"/>
  <member type="node" ref="12553932376" role="stop"/>
  <member type="node" ref="11379635817" role="platform"/>
  <member type="node" ref="12553932379" role="stop"/>
  <member type="node" ref="11379635816" role="platform"/>
  <member type="node" ref="12553932380" role="stop"/>
  <member type="node" ref="11379637284" role="platform"/>
  <member type="node" ref="12553932383" role="stop"/>
  <member type="node" ref="11379638705" role="platform"/>
  <member type="node" ref="11379638660" role="platform"/>
  <member type="node" ref="12553932387" role="platform"/>
  <member type="node" ref="12553932389" role="stop"/>
  <member type="node" ref="7866837745" role="platform"/>
  <member type="node" ref="12553932390" role="stop"/>
  <member type="node" ref="7866837748" role="platform"/>
  <member type="node" ref="11389488964" role="stop"/>
  <member type="node" ref="7866837753" role="platform"/>
  <member type="node" ref="12555092743" role="stop"/>
  <member type="node" ref="11379637279" role="platform"/>
  <member type="node" ref="12555092745" role="stop"/>
  <member type="node" ref="11379635837" role="platform"/>
  <member type="node" ref="12555092747" role="stop"/>
  <member type="node" ref="11379635846" role="platform"/>
  <member type="node" ref="12556542989" role="stop"/>
  <member type="node" ref="4715851337" role="platform"/>
  <member type="node" ref="12556542993" role="stop"/>
  <member type="node" ref="4715851338" role="platform"/>
  <member type="node" ref="12556542995" role="stop"/>
  <member type="node" ref="4715863543" role="platform"/>
  <member type="node" ref="12556599005" role="stop"/>
  <member type="node" ref="11379635183" role="platform"/>
  <member type="node" ref="12556599011" role="stop"/>
  <member type="node" ref="11379635186" role="platform"/>
  <member type="node" ref="12465470143" role="stop"/>
  <member type="node" ref="11379636690" role="platform"/>
  <member type="node" ref="12556599013" role="stop"/>
  <member type="node" ref="11379636792" role="platform"/>
  <member type="node" ref="12556599016" role="stop"/>
  <member type="node" ref="11379638004" role="platform"/>
  <member type="node" ref="12556599018" role="stop"/>
  <member type="node" ref="11379636844" role="platform"/>
  <member type="node" ref="12543818973" role="stop"/>
  <member type="node" ref="4232926703" role="platform"/>
  <member type="node" ref="12468954821" role="stop"/>
  <member type="node" ref="4956296652" role="platform"/>
  <member type="node" ref="12549074601" role="stop"/>
  <member type="node" ref="6380702786" role="platform"/>
  <member type="node" ref="12549074604" role="stop"/>
  <member type="node" ref="12549074603" role="platform"/>
  <member type="node" ref="12549074606" role="stop"/>
  <member type="node" ref="11379637404" role="platform"/>
  <member type="node" ref="12549074607" role="stop"/>
  <member type="node" ref="6243842093" role="platform"/>
  <member type="node" ref="436816508" role="stop"/>
  <member type="node" ref="4956200438" role="platform"/>
  <member type="node" ref="12543818974" role="stop"/>
  <member type="node" ref="4956296644" role="platform"/>
  <member type="node" ref="12466887825" role="platform_exit_only"/>
  <member type="way" ref="435027279" role=""/>
  <member type="way" ref="1230604453" role=""/>
  <member type="way" ref="435027282" role=""/>
  <member type="way" ref="553297344" role=""/>
  <member type="way" ref="553297343" role=""/>
  <member type="way" ref="37405036" role=""/>
  <member type="way" ref="435027297" role=""/>
  <member type="way" ref="435027250" role=""/>
  <member type="way" ref="435027281" role=""/>
  <member type="way" ref="1356164761" role=""/>
  <member type="way" ref="237078717" role=""/>
  <member type="way" ref="1041611895" role=""/>
  <member type="way" ref="1041611896" role=""/>
  <member type="way" ref="469981556" role=""/>
  <member type="way" ref="1441651220" role=""/>
  <member type="way" ref="1441651225" role=""/>
  <member type="way" ref="1441651221" role=""/>
  <member type="way" ref="226270559" role=""/>
  <member type="way" ref="1441651223" role=""/>
  <member type="way" ref="1415630795" role=""/>
  <member type="way" ref="1420191559" role=""/>
  <member type="way" ref="1420191558" role=""/>
  <member type="way" ref="1231286626" role=""/>
  <member type="way" ref="1230604449" role=""/>
  <member type="way" ref="226270570" role=""/>
  <member type="way" ref="1230604446" role=""/>
  <member type="way" ref="1416942339" role=""/>
  <member type="way" ref="225527509" role=""/>
  <member type="way" ref="1432329286" role=""/>
  <member type="way" ref="1432329289" role=""/>
  <member type="way" ref="1314761867" role=""/>
  <member type="way" ref="1432329288" role=""/>
  <member type="way" ref="788746984" role=""/>
  <member type="way" ref="1209024390" role=""/>
  <member type="way" ref="790955783" role=""/>
  <member type="way" ref="790955784" role=""/>
  <member type="way" ref="1356416232" role=""/>
  <member type="way" ref="1231286625" role=""/>
  <member type="way" ref="615826111" role=""/>
  <member type="way" ref="37401757" role=""/>
  <member type="way" ref="1223158588" role=""/>
  <member type="way" ref="616208323" role=""/>
  <member type="way" ref="1223158587" role=""/>
  <member type="way" ref="234775654" role=""/>
  <member type="way" ref="616074250" role=""/>
  <member type="way" ref="559057507" role=""/>
  <member type="way" ref="472270062" role=""/>
  <member type="way" ref="877693748" role=""/>
  <member type="way" ref="877693751" role=""/>
  <member type="way" ref="559055373" role=""/>
  <member type="way" ref="547097707" role=""/>
  <member type="way" ref="364363824" role=""/>
  <member type="way" ref="37403080" role=""/>
  <member type="way" ref="559048330" role=""/>
  <member type="way" ref="616074248" role=""/>
  <member type="way" ref="616074247" role=""/>
  <member type="way" ref="71189099" role=""/>
  <member type="way" ref="234766655" role=""/>
  <member type="way" ref="199637111" role=""/>
  <member type="way" ref="199637112" role=""/>
  <member type="way" ref="226095210" role=""/>
  <member type="way" ref="468202423" role=""/>
  <member type="way" ref="468202418" role=""/>
  <member type="way" ref="1361450945" role=""/>
  <member type="way" ref="226095201" role=""/>
  <member type="way" ref="1378936332" role=""/>
  <member type="way" ref="1381577747" role=""/>
  <member type="way" ref="1381577749" role=""/>
  <member type="way" ref="616074246" role=""/>
  <member type="way" ref="1361714712" role=""/>
  <member type="way" ref="1418034308" role=""/>
  <member type="way" ref="1418034307" role=""/>
  <member type="way" ref="616074245" role=""/>
  <member type="way" ref="1378996398" role=""/>
  <member type="way" ref="509766961" role=""/>
  <member type="way" ref="616074244" role=""/>
  <member type="way" ref="509766962" role=""/>
  <member type="way" ref="701634250" role=""/>
  <member type="way" ref="1315716927" role=""/>
  <member type="way" ref="868633142" role=""/>
  <member type="way" ref="279553507" role=""/>
  <member type="way" ref="868610610" role=""/>
  <member type="way" ref="868610609" role=""/>
  <member type="way" ref="1355944190" role=""/>
  <member type="way" ref="1360098315" role=""/>
  <member type="way" ref="868610608" role=""/>
  <member type="way" ref="1360098314" role=""/>
  <tag k="colour" v="#3366CC"/>
  <tag k="from" v="진웅종점"/>
  <tag k="name" v="인천 버스 1 → 인천성모병원"/>
  <tag k="name:ko" v="인천 버스 1 → 인천성모병원"/>
  <tag k="network" v="인천광역시 시내버스"/>
  <tag k="network:ko" v="인천광역시 시내버스"/>
  <tag k="network:wikidata" v="Q12613485"/>
  <tag k="operator" v="신동아교통"/>
  <tag k="public_transport:version" v="2"/>
  <tag k="ref" v="1"/>
  <tag k="route" v="bus"/>
  <tag k="to" v="인천성모병원종점지주차장"/>
  <tag k="type" v="route"/>
 </relation>
 <relation id="8524730" visible="true" version="55" changeset="173982571" timestamp="2025-10-30T15:32:54Z" user="Wolframite74" uid="20102979">
  <member type="node" ref="11379636851" role="platform_entry_only"/>
  <member type="node" ref="11379636794" role="platform"/>
  <member type="node" ref="11379634898" role="platform"/>
  <member type="node" ref="11379637414" role="platform"/>
  <member type="node" ref="11379638077" role="platform"/>
  <member type="node" ref="11379636802" role="platform"/>
  <member type="node" ref="4956296642" role="platform"/>
  <member type="node" ref="4956200439" role="platform"/>
  <member type="node" ref="6243842092" role="platform"/>
  <member type="node" ref="11379637403" role="platform"/>
  <member type="node" ref="12183320916" role="platform"/>
  <member type="node" ref="12183320917" role="platform"/>
  <member type="node" ref="4956296651" role="platform"/>
  <member type="node" ref="11379636839" role="platform"/>
  <member type="node" ref="11379636845" role="platform"/>
  <member type="node" ref="11379638008" role="platform"/>
  <member type="node" ref="11379635983" role="platform"/>
  <member type="node" ref="11379636790" role="platform"/>
  <member type="node" ref="11379637133" role="platform"/>
  <member type="node" ref="11379635184" role="platform"/>
  <member type="node" ref="4715851340" role="platform"/>
  <member type="node" ref="4715851336" role="platform"/>
  <member type="node" ref="4715851348" role="platform"/>
  <member type="node" ref="11379635847" role="platform"/>
  <member type="node" ref="11379635838" role="platform"/>
  <member type="node" ref="11379637273" role="platform"/>
  <member type="node" ref="12555092738" role="platform"/>
  <member type="node" ref="7866837752" role="platform"/>
  <member type="node" ref="11379637280" role="platform"/>
  <member type="node" ref="7866837744" role="platform"/>
  <member type="node" ref="11379637276" role="platform"/>
  <member type="node" ref="11379638704" role="platform"/>
  <member type="node" ref="11379637285" role="platform"/>
  <member type="node" ref="11379635815" role="platform"/>
  <member type="node" ref="11379635818" role="platform"/>
  <member type="node" ref="11379634028" role="platform"/>
  <member type="node" ref="11379635045" role="platform"/>
  <member type="node" ref="11379635810" role="platform"/>
  <member type="node" ref="11379635591" role="platform"/>
  <member type="node" ref="11379638226" role="platform"/>
  <member type="node" ref="12553932363" role="platform"/>
  <member type="node" ref="10158747608" role="platform"/>
  <member type="node" ref="10158747612" role="platform"/>
  <member type="node" ref="10158747614" role="platform"/>
  <member type="node" ref="8536412444" role="platform"/>
  <member type="node" ref="10154319768" role="platform"/>
  <member type="node" ref="10154319771" role="platform"/>
  <member type="node" ref="10154319773" role="platform"/>
  <member type="node" ref="11379638446" role="platform"/>
  <member type="node" ref="11379638724" role="platform"/>
  <member type="node" ref="11379637680" role="platform"/>
  <member type="node" ref="11379637678" role="platform"/>
  <member type="node" ref="11147463488" role="platform"/>
  <member type="node" ref="11147463501" role="platform"/>
  <member type="node" ref="11147499305" role="platform"/>
  <member type="node" ref="2473321940" role="platform"/>
  <member type="node" ref="11147499306" role="platform"/>
  <member type="node" ref="11379635200" role="platform"/>
  <member type="node" ref="11379634404" role="platform"/>
  <member type="node" ref="13009309311" role="platform"/>
  <member type="node" ref="12552961800" role="platform"/>
  <member type="node" ref="11379637402" role="platform"/>
  <member type="node" ref="13227894395" role="platform"/>
  <member type="node" ref="11379636743" role="platform"/>
  <member type="node" ref="357956964" role="platform"/>
  <member type="node" ref="357929228" role="platform"/>
  <member type="node" ref="4755563053" role="platform"/>
  <member type="node" ref="357929237" role="platform"/>
  <member type="node" ref="357929052" role="platform"/>
  <member type="node" ref="12551297924" role="platform"/>
  <member type="node" ref="11379637642" role="platform"/>
  <member type="node" ref="11379638419" role="platform"/>
  <member type="node" ref="11379638451" role="platform"/>
  <member type="node" ref="11379638452" role="platform"/>
  <member type="node" ref="11379638443" role="platform"/>
  <member type="node" ref="12551297905" role="platform"/>
  <member type="node" ref="11379638425" role="platform"/>
  <member type="node" ref="11379635141" role="platform"/>
  <member type="node" ref="12551208286" role="platform"/>
  <member type="node" ref="11379634785" role="platform"/>
  <member type="node" ref="11379637700" role="platform"/>
  <member type="node" ref="11379638432" role="platform"/>
  <member type="node" ref="11379635438" role="platform"/>
  <member type="node" ref="11379638434" role="platform"/>
  <member type="node" ref="11379638025" role="platform"/>
  <member type="node" ref="11379636577" role="platform"/>
  <member type="node" ref="11379638725" role="platform"/>
  <member type="node" ref="11379638424" role="platform"/>
  <member type="node" ref="11379633949" role="platform"/>
  <member type="node" ref="11379634433" role="platform_exit_only"/>
  <member type="node" ref="12556599024" role="stop_entry_only"/>
  <member type="node" ref="12556599021" role="stop"/>
  <member type="node" ref="12543730102" role="stop"/>
  <member type="node" ref="12468954815" role="stop"/>
  <member type="node" ref="12468954816" role="stop"/>
  <member type="node" ref="12468954817" role="stop"/>
  <member type="node" ref="12543818975" role="stop"/>
  <member type="node" ref="12543818977" role="stop"/>
  <member type="node" ref="12549074615" role="stop"/>
  <member type="node" ref="12549074616" role="stop"/>
  <member type="node" ref="12549074617" role="stop"/>
  <member type="node" ref="12549074618" role="stop"/>
  <member type="node" ref="12465470151" role="stop"/>
  <member type="node" ref="12546432353" role="stop"/>
  <member type="node" ref="12556599019" role="stop"/>
  <member type="node" ref="12556599017" role="stop"/>
  <member type="node" ref="12556599015" role="stop"/>
  <member type="node" ref="12556599014" role="stop"/>
  <member type="node" ref="12556599012" role="stop"/>
  <member type="node" ref="12556599006" role="stop"/>
  <member type="node" ref="12556542994" role="stop"/>
  <member type="node" ref="12556542991" role="stop"/>
  <member type="node" ref="12556542990" role="stop"/>
  <member type="node" ref="12555092746" role="stop"/>
  <member type="node" ref="12555092744" role="stop"/>
  <member type="node" ref="12555092742" role="stop"/>
  <member type="node" ref="12555092739" role="stop"/>
  <member type="node" ref="11396377116" role="stop"/>
  <member type="node" ref="12553932391" role="stop"/>
  <member type="node" ref="12553932388" role="stop"/>
  <member type="node" ref="12553932386" role="stop"/>
  <member type="node" ref="12553932382" role="stop"/>
  <member type="node" ref="12553932381" role="stop"/>
  <member type="node" ref="436859812" role="stop"/>
  <member type="node" ref="11389488967" role="stop"/>
  <member type="node" ref="11389488968" role="stop"/>
  <member type="node" ref="12553932373" role="stop"/>
  <member type="node" ref="12553932371" role="stop"/>
  <member type="node" ref="12553932370" role="stop"/>
  <member type="node" ref="12553932367" role="stop"/>
  <member type="node" ref="12553932364" role="stop"/>
  <member type="node" ref="11389500772" role="stop"/>
  <member type="node" ref="11389500773" role="stop"/>
  <member type="node" ref="11389500774" role="stop"/>
  <member type="node" ref="12552969321" role="stop"/>
  <member type="node" ref="10146118956" role="stop"/>
  <member type="node" ref="12539243083" role="stop"/>
  <member type="node" ref="12539243084" role="stop"/>
  <member type="node" ref="12539243088" role="stop"/>
  <member type="node" ref="12552969319" role="stop"/>
  <member type="node" ref="12552969317" role="stop"/>
  <member type="node" ref="12552969315" role="stop"/>
  <member type="node" ref="12539243091" role="stop"/>
  <member type="node" ref="12539243092" role="stop"/>
  <member type="node" ref="12539243093" role="stop"/>
  <member type="node" ref="12539243094" role="stop"/>
  <member type="node" ref="12539243095" role="stop"/>
  <member type="node" ref="2473320159" role="stop"/>
  <member type="node" ref="12552969304" role="stop"/>
  <member type="node" ref="13051833989" role="stop"/>
  <member type="node" ref="12552969301" role="stop"/>
  <member type="node" ref="13063630292" role="stop"/>
  <member type="node" ref="13227894396" role="stop"/>
  <member type="node" ref="12551297939" role="stop"/>
  <member type="node" ref="12551297935" role="stop"/>
  <member type="node" ref="12551297932" role="stop"/>
  <member type="node" ref="12551297930" role="stop"/>
  <member type="node" ref="12551297928" role="stop"/>
  <member type="node" ref="12551297927" role="stop"/>
  <member type="node" ref="12551297925" role="stop"/>
  <member type="node" ref="12551297921" role="stop"/>
  <member type="node" ref="12551297918" role="stop"/>
  <member type="node" ref="12551297914" role="stop"/>
  <member type="node" ref="12551297911" role="stop"/>
  <member type="node" ref="5204025135" role="stop"/>
  <member type="node" ref="12551297906" role="stop"/>
  <member type="node" ref="12551297904" role="stop"/>
  <member type="node" ref="12551208290" role="stop"/>
  <member type="node" ref="12551208287" role="stop"/>
  <member type="node" ref="12551208284" role="stop"/>
  <member type="node" ref="12551208282" role="stop"/>
  <member type="node" ref="12551208281" role="stop"/>
  <member type="node" ref="12551208278" role="stop"/>
  <member type="node" ref="12551208277" role="stop"/>
  <member type="node" ref="3955483412" role="stop"/>
  <member type="node" ref="12551208275" role="stop"/>
  <member type="node" ref="12551208273" role="stop"/>
  <member type="node" ref="12551208271" role="stop"/>
  <member type="node" ref="12551208269" role="stop"/>
  <member type="node" ref="11419630393" role="stop_exit_only"/>
  <member type="way" ref="1356682246" role="backward"/>
  <member type="way" ref="616208324" role="forward"/>
  <member type="way" ref="229095026" role="forward"/>
  <member type="way" ref="1306960488" role="forward"/>
  <member type="way" ref="616074240" role="forward"/>
  <member type="way" ref="229094969" role="forward"/>
  <member type="way" ref="869046656" role="forward"/>
  <member type="way" ref="869046657" role="forward"/>
  <member type="way" ref="1378699832" role="forward"/>
  <member type="way" ref="616074241" role="forward"/>
  <member type="way" ref="1214391633" role="backward"/>
  <member type="way" ref="616074242" role="backward"/>
  <member type="way" ref="1214391639" role="backward"/>
  <member type="way" ref="868618150" role="backward"/>
  <member type="way" ref="868610613" role="backward"/>
  <member type="way" ref="1360098318" role="backward"/>
  <member type="way" ref="1360098317" role="backward"/>
  <member type="way" ref="1360098316" role="backward"/>
  <member type="way" ref="868610612" role="backward"/>
  <member type="way" ref="868610611" role="backward"/>
  <member type="way" ref="509766960" role="backward"/>
  <member type="way" ref="868633142" role="backward"/>
  <member type="way" ref="1315716927" role="backward"/>
  <member type="way" ref="701634250" role="backward"/>
  <member type="way" ref="509766962" role="backward"/>
  <member type="way" ref="616074244" role="forward"/>
  <member type="way" ref="509766961" role="forward"/>
  <member type="way" ref="1378996398" role="forward"/>
  <member type="way" ref="616074245" role="forward"/>
  <member type="way" ref="1418034307" role="forward"/>
  <member type="way" ref="1418034308" role="forward"/>
  <member type="way" ref="1361714712" role="forward"/>
  <member type="way" ref="616074246" role="forward"/>
  <member type="way" ref="1381577749" role="forward"/>
  <member type="way" ref="1381577747" role="forward"/>
  <member type="way" ref="1378936332" role="backward"/>
  <member type="way" ref="226095201" role="backward"/>
  <member type="way" ref="1361450945" role="backward"/>
  <member type="way" ref="226095206" role="forward"/>
  <member type="way" ref="468202419" role="forward"/>
  <member type="way" ref="468202422" role="forward"/>
  <member type="way" ref="226095211" role="forward"/>
  <member type="way" ref="226095203" role="forward"/>
  <member type="way" ref="234766655" role="backward"/>
  <member type="way" ref="71189099" role="backward"/>
  <member type="way" ref="616074247" role="backward"/>
  <member type="way" ref="616074248" role="forward"/>
  <member type="way" ref="559048330" role="forward"/>
  <member type="way" ref="37403080" role="backward"/>
  <member type="way" ref="364363824" role="forward"/>
  <member type="way" ref="559055375" role="forward"/>
  <member type="way" ref="1231286624" role="forward"/>
  <member type="way" ref="371698167" role="forward"/>
  <member type="way" ref="559055372" role="forward"/>
  <member type="way" ref="877693751" role="forward"/>
  <member type="way" ref="877693748" role="forward"/>
  <member type="way" ref="472270062" role="forward"/>
  <member type="way" ref="559057507" role="backward"/>
  <member type="way" ref="616074250" role="backward"/>
  <member type="way" ref="234775654" role="forward"/>
  <member type="way" ref="1223158587" role="forward"/>
  <member type="way" ref="616208323" role="forward"/>
  <member type="way" ref="1223158588" role="forward"/>
  <member type="way" ref="37401757" role="forward"/>
  <member type="way" ref="615826111" role="backward"/>
  <member type="way" ref="1231286625" role="forward"/>
  <member type="way" ref="554003865" role="forward"/>
  <member type="way" ref="228171576" role="forward"/>
  <member type="way" ref="228171578" role="forward"/>
  <member type="way" ref="1209024354" role="forward"/>
  <member type="way" ref="228171577" role="forward"/>
  <member type="way" ref="1356416231" role="forward"/>
  <member type="way" ref="1432329283" role="forward"/>
  <member type="way" ref="225527511" role="forward"/>
  <member type="way" ref="1432329287" role="forward"/>
  <member type="way" ref="1432329286" role="forward"/>
  <member type="way" ref="225527509" role="forward"/>
  <member type="way" ref="1416942339" role="forward"/>
  <member type="way" ref="1230604446" role="forward"/>
  <member type="way" ref="226270570" role="forward"/>
  <member type="way" ref="1419380251" role="forward"/>
  <member type="way" ref="1418276705" role="forward"/>
  <member type="way" ref="1418276704" role="forward"/>
  <member type="way" ref="1356308407" role="forward"/>
  <member type="way" ref="1356308409" role="forward"/>
  <member type="way" ref="239555227" role="forward"/>
  <member type="way" ref="1231286627" role="forward"/>
  <member type="way" ref="730141992" role="backward"/>
  <member type="way" ref="1420191558" role="forward"/>
  <member type="way" ref="1420191559" role="forward"/>
  <member type="way" ref="1415630795" role="forward"/>
  <member type="way" ref="1441651223" role="forward"/>
  <member type="way" ref="226270559" role="forward"/>
  <member type="way" ref="1441651221" role="forward"/>
  <member type="way" ref="1441651225" role="forward"/>
  <member type="way" ref="1441651220" role="forward"/>
  <member type="way" ref="469981556" role="backward"/>
  <member type="way" ref="1041611896" role="backward"/>
  <member type="way" ref="1041611895" role="backward"/>
  <member type="way" ref="237078717" role="backward"/>
  <member type="way" ref="1356164760" role="forward"/>
  <member type="way" ref="1230604451" role="forward"/>
  <member type="way" ref="435027248" role="forward"/>
  <member type="way" ref="37405036" role="forward"/>
  <member type="way" ref="553297343" role="forward"/>
  <member type="way" ref="553297344" role="forward"/>
  <member type="way" ref="435027282" role="backward"/>
  <member type="way" ref="1230604453" role="backward"/>
  <member type="way" ref="435027279" role="backward"/>
  <tag k="colour" v="#3366CC"/>
  <tag k="from" v="인천성모병원종점지주차장"/>
  <tag k="name" v="인천 버스 1 → 뷰티풀파크버스공영차고지"/>
  <tag k="name:ko" v="인천 버스 1 → 뷰티풀파크버스공영차고지"/>
  <tag k="network" v="인천광역시 시내버스"/>
  <tag k="network:ko" v="인천광역시 시내버스"/>
  <tag k="network:wikidata" v="Q12613485"/>
  <tag k="operator" v="신동아교통"/>
  <tag k="public_transport:version" v="2"/>
  <tag k="ref" v="1"/>
  <tag k="route" v="bus"/>
  <tag k="to" v="진웅종점"/>
  <tag k="type" v="route"/>
 </relation>
 <relation id="16453894" visible="true" version="15" changeset="176017786" timestamp="2025-12-16T18:02:02Z" user="TazoDriver" uid="20080946">
  <member type="relation" ref="16453889" role=""/>
  <member type="relation" ref="16453890" role=""/>
  <member type="relation" ref="16453891" role=""/>
  <member type="relation" ref="16453892" role=""/>
  <member type="relation" ref="16453893" role=""/>
  <member type="relation" ref="16466088" role=""/>
  <member type="relation" ref="16466089" role=""/>
  <member type="relation" ref="16466090" role=""/>
  <member type="relation" ref="16466091" role=""/>
  <member type="relation" ref="16466092" role=""/>
  <member type="relation" ref="16466093" role=""/>
  <member type="relation" ref="16466094" role=""/>
  <member type="relation" ref="16466095" role=""/>
  <member type="relation" ref="16476930" role=""/>
  <member type="relation" ref="16481667" role=""/>
  <member type="relation" ref="16481668" role=""/>
  <member type="relation" ref="16481669" role=""/>
  <member type="relation" ref="16485217" role=""/>
  <member type="relation" ref="16485218" role=""/>
  <member type="relation" ref="16494226" role=""/>
  <member type="relation" ref="16494227" role=""/>
  <member type="relation" ref="16494228" role=""/>
  <member type="relation" ref="16494229" role=""/>
  <member type="relation" ref="16494230" role=""/>
  <member type="relation" ref="16494236" role=""/>
  <member type="relation" ref="16494872" role=""/>
  <member type="relation" ref="16494873" role=""/>
  <member type="relation" ref="16494874" role=""/>
  <member type="relation" ref="16494875" role=""/>
  <member type="relation" ref="16494876" role=""/>
  <member type="relation" ref="16494877" role=""/>
  <member type="relation" ref="16494878" role=""/>
  <member type="relation" ref="16494879" role=""/>
  <member type="relation" ref="16494882" role=""/>
  <member type="relation" ref="16494883" role=""/>
  <member type="relation" ref="16495035" role=""/>
  <member type="relation" ref="16495040" role=""/>
  <member type="relation" ref="16495041" role=""/>
  <member type="relation" ref="16495042" role=""/>
  <member type="relation" ref="16495192" role=""/>
  <member type="relation" ref="16495193" role=""/>
  <member type="relation" ref="16495194" role=""/>
  <member type="relation" ref="16495195" role=""/>
  <member type="relation" ref="16495196" role=""/>
  <member type="relation" ref="16495198" role=""/>
  <member type="relation" ref="16461800" role=""/>
  <member type="relation" ref="16461799" role=""/>
  <member type="relation" ref="16461798" role=""/>
  <member type="relation" ref="16461744" role=""/>
  <member type="relation" ref="16461743" role=""/>
  <member type="relation" ref="16461742" role=""/>
  <member type="relation" ref="16461741" role=""/>
  <member type="relation" ref="16461740" role=""/>
  <member type="relation" ref="16461739" role=""/>
  <member type="relation" ref="16461738" role=""/>
  <member type="relation" ref="16460490" role=""/>
  <member type="relation" ref="16461737" role=""/>
  <member type="relation" ref="16460491" role=""/>
  <member type="relation" ref="16460492" role=""/>
  <member type="relation" ref="16460493" role=""/>
  <member type="relation" ref="16461736" role=""/>
  <member type="relation" ref="16461735" role=""/>
  <member type="relation" ref="16461734" role=""/>
  <member type="relation" ref="16461733" role=""/>
  <member type="relation" ref="16461732" role=""/>
  <member type="relation" ref="16461731" role=""/>
  <tag k="name" v="인천광역시도"/>
  <tag k="network" v="KR:28"/>
  <tag k="type" v="network"/>
 </relation>
 <relation id="16461739" visible="true" version="2" changeset="170167644" timestamp="2025-08-08T17:24:37Z" user="aaei924" uid="10626814">
  <member type="way" ref="868584718" role=""/>
  <member type="way" ref="1214391620" role=""/>
  <member type="way" ref="868584719" role=""/>
  <member type="way" ref="1214391621" role=""/>
  <member type="way" ref="1214391624" role=""/>
  <tag k="name" v="인천광역시도 제58호선"/>
  <tag k="network" v="KR:28"/>
  <tag k="ref" v="58"/>
  <tag k="route" v="road"/>
  <tag k="type" v="route"/>
 </relation>
 <relation id="16461743" visible="true" version="5" changeset="170167644" timestamp="2025-08-08T17:24:37Z" user="aaei924" uid="10626814">
  <member type="way" ref="1020404830" role=""/>
  <member type="way" ref="494572399" role=""/>
  <member type="way" ref="1230604453" role=""/>
  <member type="way" ref="392315287" role=""/>
  <member type="way" ref="435027250" role=""/>
  <member type="way" ref="435027281" role=""/>
  <member type="way" ref="1356164761" role=""/>
  <member type="way" ref="1356164760" role=""/>
  <member type="way" ref="237078717" role=""/>
  <member type="way" ref="1356164762" role=""/>
  <member type="way" ref="1230604451" role=""/>
  <member type="way" ref="1231286629" role=""/>
  <member type="way" ref="1041611895" role=""/>
  <member type="way" ref="1041611896" role=""/>
  <member type="way" ref="469981556" role=""/>
  <member type="way" ref="1230604450" role=""/>
  <tag k="name" v="인천광역시도 제54호선"/>
  <tag k="network" v="KR:28"/>
  <tag k="ref" v="54"/>
  <tag k="route" v="road"/>
  <tag k="type" v="route"/>
 </relation>
 <relation id="16461798" visible="true" version="15" changeset="175596442" timestamp="2025-12-06T18:19:35Z" user="aaei924" uid="10626814">
  <member type="way" ref="1355317983" role=""/>
  <member type="way" ref="1417572749" role=""/>
  <member type="way" ref="1415515104" role=""/>
  <member type="way" ref="1441651219" role=""/>
  <member type="way" ref="1417572754" role=""/>
  <member type="way" ref="1417572748" role=""/>
  <member type="way" ref="1149787459" role=""/>
  <member type="way" ref="1418276702" role=""/>
  <member type="way" ref="1314761870" role=""/>
  <member type="way" ref="1418276700" role=""/>
  <member type="way" ref="1356308407" role=""/>
  <member type="way" ref="1418276704" role=""/>
  <member type="way" ref="1418276705" role=""/>
  <member type="way" ref="1419380251" role=""/>
  <member type="way" ref="226270570" role=""/>
  <member type="way" ref="435027276" role=""/>
  <member type="way" ref="1314761869" role=""/>
  <member type="way" ref="1419068450" role=""/>
  <member type="way" ref="1419068451" role=""/>
  <member type="way" ref="469897335" role=""/>
  <member type="way" ref="1315648310" role=""/>
  <member type="way" ref="788737854" role=""/>
  <member type="way" ref="435027277" role=""/>
  <member type="way" ref="494574568" role=""/>
  <member type="way" ref="553344379" role=""/>
  <member type="way" ref="494572198" role=""/>
  <member type="way" ref="1456532520" role=""/>
  <member type="way" ref="1456532521" role=""/>
  <member type="way" ref="1456532522" role=""/>
  <member type="way" ref="1456532523" role=""/>
  <member type="way" ref="1415836436" role=""/>
  <member type="way" ref="1456532517" role=""/>
  <member type="way" ref="1456532516" role=""/>
  <member type="way" ref="1456532497" role=""/>
  <member type="way" ref="1415836434" role=""/>
  <member type="way" ref="1415836433" role=""/>
  <member type="way" ref="1456532508" role=""/>
  <member type="way" ref="1456532509" role=""/>
  <member type="way" ref="1415836432" role=""/>
  <member type="way" ref="1456532506" role=""/>
  <member type="way" ref="1456532502" role=""/>
  <tag k="from" v="안암도유수지"/>
  <tag k="name" v="안암-노오지선"/>
  <tag k="network" v="KR:28"/>
  <tag k="ref" v="52"/>
  <tag k="route" v="road"/>
  <tag k="to" v="노오지동 65-4"/>
  <tag k="type" v="route"/>
 </relation>
 <relation id="16824485" visible="true" version="4" changeset="164324873" timestamp="2025-03-31T11:06:38Z" user="Wolframite74" uid="20102979">
  <member type="relation" ref="8520280" role=""/>
  <member type="relation" ref="8524730" role=""/>
  <member type="relation" ref="18650784" role="dead heading"/>
  <tag k="colour" v="#3366CC"/>
  <tag k="name" v="인천 버스 1"/>
  <tag k="name:en" v="Incheon Buses route 1"/>
  <tag k="name:ko" v="인천 버스 1"/>
  <tag k="network" v="인천광역시 시내버스"/>
  <tag k="network:ko" v="인천광역시 시내버스"/>
  <tag k="network:wikidata" v="Q12613485"/>
  <tag k="operator" v="신동아교통"/>
  <tag k="ref" v="1"/>
  <tag k="route_master" v="bus"/>
  <tag k="type" v="route_master"/>
 </relation>
</osm>
